hidden_layers,activation,learning_rate,alpha,batch_size,dev_rmse,n_iter
"(32,)",relu,0.0001,0.0001,32,16.672914924899562,80
"(32,)",relu,0.0001,0.0001,64,16.679610206289315,126
"(32,)",relu,0.0001,0.0001,128,16.6898170390562,144
"(32,)",relu,0.0001,0.001,32,16.6729894598997,80
"(32,)",relu,0.0001,0.001,64,16.67958430134269,126
"(32,)",relu,0.0001,0.001,128,16.689868214713393,144
"(32,)",relu,0.0001,0.01,32,16.67272536409339,80
"(32,)",relu,0.0001,0.01,64,16.67950126085738,126
"(32,)",relu,0.0001,0.01,128,16.689767280380586,144
"(32,)",relu,0.0001,0.1,32,16.66992137037422,80
"(32,)",relu,0.0001,0.1,64,16.678338005724573,126
"(32,)",relu,0.0001,0.1,128,16.68917794607963,144
"(32,)",relu,0.0005,0.0001,32,16.765264496232426,45
"(32,)",relu,0.0005,0.0001,64,16.725978632768236,64
"(32,)",relu,0.0005,0.0001,128,16.63196795276309,97
"(32,)",relu,0.0005,0.001,32,16.76809459659094,45
"(32,)",relu,0.0005,0.001,64,16.727169552505128,64
"(32,)",relu,0.0005,0.001,128,16.633394686658697,97
"(32,)",relu,0.0005,0.01,32,16.76927408516115,45
"(32,)",relu,0.0005,0.01,64,16.728249158542496,64
"(32,)",relu,0.0005,0.01,128,16.63318620203746,97
"(32,)",relu,0.0005,0.1,32,16.74451175043655,45
"(32,)",relu,0.0005,0.1,64,16.714092137659858,47
"(32,)",relu,0.0005,0.1,128,16.63238703681407,97
"(32,)",relu,0.001,0.0001,32,16.578390019200928,35
"(32,)",relu,0.001,0.0001,64,16.742030868685422,45
"(32,)",relu,0.001,0.0001,128,16.642023134402848,45
"(32,)",relu,0.001,0.001,32,16.566111356869996,35
"(32,)",relu,0.001,0.001,64,16.742147654913385,45
"(32,)",relu,0.001,0.001,128,16.64328535674517,45
"(32,)",relu,0.001,0.01,32,16.571913883836483,35
"(32,)",relu,0.001,0.01,64,16.7406523950677,45
"(32,)",relu,0.001,0.01,128,16.641360459573058,45
"(32,)",relu,0.001,0.1,32,16.56586417204783,35
"(32,)",relu,0.001,0.1,64,16.744082921830696,45
"(32,)",relu,0.001,0.1,128,16.64031738349274,45
"(32,)",relu,0.005,0.0001,32,16.911074679971442,19
"(32,)",relu,0.005,0.0001,64,16.984769017465005,32
"(32,)",relu,0.005,0.0001,128,16.569061206364616,35
"(32,)",relu,0.005,0.001,32,16.9582117219816,19
"(32,)",relu,0.005,0.001,64,16.98212125586128,32
"(32,)",relu,0.005,0.001,128,16.57198936096463,35
"(32,)",relu,0.005,0.01,32,16.96684487313439,19
"(32,)",relu,0.005,0.01,64,16.978057143660013,32
"(32,)",relu,0.005,0.01,128,16.58325425789295,35
"(32,)",relu,0.005,0.1,32,17.063679955115905,32
"(32,)",relu,0.005,0.1,64,16.969389922517284,32
"(32,)",relu,0.005,0.1,128,16.558952287934922,35
"(32,)",relu,0.01,0.0001,32,16.781418047627383,32
"(32,)",relu,0.01,0.0001,64,17.173472962000748,32
"(32,)",relu,0.01,0.0001,128,16.794177883431217,19
"(32,)",relu,0.01,0.001,32,16.761727797468104,32
"(32,)",relu,0.01,0.001,64,16.883574240891992,14
"(32,)",relu,0.01,0.001,128,16.793418118733186,19
"(32,)",relu,0.01,0.01,32,16.799342192108128,32
"(32,)",relu,0.01,0.01,64,16.890647921570125,14
"(32,)",relu,0.01,0.01,128,16.80831623526208,19
"(32,)",relu,0.01,0.1,32,16.714250094460105,32
"(32,)",relu,0.01,0.1,64,16.876175339073768,14
"(32,)",relu,0.01,0.1,128,16.803869339261922,19
"(32,)",tanh,0.0001,0.0001,32,16.488866974496098,290
"(32,)",tanh,0.0001,0.0001,64,16.48451506073297,368
"(32,)",tanh,0.0001,0.0001,128,16.4728332405447,407
"(32,)",tanh,0.0001,0.001,32,16.48882077584995,290
"(32,)",tanh,0.0001,0.001,64,16.484533769080212,368
"(32,)",tanh,0.0001,0.001,128,16.47286611242352,407
"(32,)",tanh,0.0001,0.01,32,16.48837877849266,290
"(32,)",tanh,0.0001,0.01,64,16.484715423324488,368
"(32,)",tanh,0.0001,0.01,128,16.473181480938628,407
"(32,)",tanh,0.0001,0.1,32,16.486167181568927,290
"(32,)",tanh,0.0001,0.1,64,16.486209511861805,368
"(32,)",tanh,0.0001,0.1,128,16.473802526661068,407
"(32,)",tanh,0.0005,0.0001,32,16.378847835320485,115
"(32,)",tanh,0.0005,0.0001,64,16.462102012136715,115
"(32,)",tanh,0.0005,0.0001,128,16.4023080809313,196
"(32,)",tanh,0.0005,0.001,32,16.37885981737958,115
"(32,)",tanh,0.0005,0.001,64,16.462087070599512,115
"(32,)",tanh,0.0005,0.001,128,16.402319720800687,196
"(32,)",tanh,0.0005,0.01,32,16.37911866109038,115
"(32,)",tanh,0.0005,0.01,64,16.46191735659055,115
"(32,)",tanh,0.0005,0.01,128,16.40243715278615,196
"(32,)",tanh,0.0005,0.1,32,16.3849377500121,115
"(32,)",tanh,0.0005,0.1,64,16.460506535530747,115
"(32,)",tanh,0.0005,0.1,128,16.403748487658934,196
"(32,)",tanh,0.001,0.0001,32,16.636275396042944,63
"(32,)",tanh,0.001,0.0001,64,16.5990363223661,63
"(32,)",tanh,0.001,0.0001,128,16.348012330613543,101
"(32,)",tanh,0.001,0.001,32,16.636245567368807,63
"(32,)",tanh,0.001,0.001,64,16.599076066487875,63
"(32,)",tanh,0.001,0.001,128,16.348027463654518,101
"(32,)",tanh,0.001,0.01,32,16.63592371164302,63
"(32,)",tanh,0.001,0.01,64,16.59930255905244,63
"(32,)",tanh,0.001,0.01,128,16.348172375314803,101
"(32,)",tanh,0.001,0.1,32,16.632400871407242,63
"(32,)",tanh,0.001,0.1,64,16.597756237305433,63
"(32,)",tanh,0.001,0.1,128,16.430542284871176,101
"(32,)",tanh,0.005,0.0001,32,16.371813502628626,32
"(32,)",tanh,0.005,0.0001,64,16.430518386094978,38
"(32,)",tanh,0.005,0.0001,128,16.81053633648023,63
"(32,)",tanh,0.005,0.001,32,16.36192516992497,35
"(32,)",tanh,0.005,0.001,64,16.430730550413834,38
"(32,)",tanh,0.005,0.001,128,16.811102065029946,63
"(32,)",tanh,0.005,0.01,32,16.393565949912844,35
"(32,)",tanh,0.005,0.01,64,16.43378382045507,38
"(32,)",tanh,0.005,0.01,128,16.838564360864563,63
"(32,)",tanh,0.005,0.1,32,16.40084438950251,35
"(32,)",tanh,0.005,0.1,64,16.45985389479218,38
"(32,)",tanh,0.005,0.1,128,16.89869851768199,57
"(32,)",tanh,0.01,0.0001,32,16.887467064527787,25
"(32,)",tanh,0.01,0.0001,64,16.92781654134161,32
"(32,)",tanh,0.01,0.0001,128,16.50309865704133,38
"(32,)",tanh,0.01,0.001,32,16.758240195791256,36
"(32,)",tanh,0.01,0.001,64,16.860729349978094,37
"(32,)",tanh,0.01,0.001,128,16.506273408708896,38
"(32,)",tanh,0.01,0.01,32,17.0786432157725,32
"(32,)",tanh,0.01,0.01,64,16.93683179025083,32
"(32,)",tanh,0.01,0.01,128,16.65091778170307,37
"(32,)",tanh,0.01,0.1,32,16.73529508494264,27
"(32,)",tanh,0.01,0.1,64,16.436048503291907,35
"(32,)",tanh,0.01,0.1,128,16.467671864550233,38
"(64,)",relu,0.0001,0.0001,32,16.635215958976367,107
"(64,)",relu,0.0001,0.0001,64,16.65350452913011,106
"(64,)",relu,0.0001,0.0001,128,16.638455781803852,149
"(64,)",relu,0.0001,0.001,32,16.63492170377722,107
"(64,)",relu,0.0001,0.001,64,16.631396907770938,103
"(64,)",relu,0.0001,0.001,128,16.638376981457096,149
"(64,)",relu,0.0001,0.01,32,16.634503780809542,107
"(64,)",relu,0.0001,0.01,64,16.63155077860597,103
"(64,)",relu,0.0001,0.01,128,16.63826427032623,149
"(64,)",relu,0.0001,0.1,32,16.631634633760438,107
"(64,)",relu,0.0001,0.1,64,16.652356640725674,106
"(64,)",relu,0.0001,0.1,128,16.637375526245073,149
"(64,)",relu,0.0005,0.0001,32,16.60164665015963,96
"(64,)",relu,0.0005,0.0001,64,16.723124754505196,104
"(64,)",relu,0.0005,0.0001,128,16.552160135056607,135
"(64,)",relu,0.0005,0.001,32,16.74985128588576,68
"(64,)",relu,0.0005,0.001,64,16.652011371523997,104
"(64,)",relu,0.0005,0.001,128,16.546038735925904,120
"(64,)",relu,0.0005,0.01,32,16.599239091504153,96
"(64,)",relu,0.0005,0.01,64,16.655142107894257,104
"(64,)",relu,0.0005,0.01,128,16.5440250378354,120
"(64,)",relu,0.0005,0.1,32,16.5807984946714,96
"(64,)",relu,0.0005,0.1,64,16.654170930546353,104
"(64,)",relu,0.0005,0.1,128,16.537493037020134,120
"(64,)",relu,0.001,0.0001,32,16.69881113170284,63
"(64,)",relu,0.001,0.0001,64,16.744155616825427,72
"(64,)",relu,0.001,0.0001,128,16.65943054453849,104
"(64,)",relu,0.001,0.001,32,16.724998047894967,63
"(64,)",relu,0.001,0.001,64,16.745819125948593,72
"(64,)",relu,0.001,0.001,128,16.653271348911506,104
"(64,)",relu,0.001,0.01,32,16.72579302918437,73
"(64,)",relu,0.001,0.01,64,16.630019714240067,68
"(64,)",relu,0.001,0.01,128,16.655014764579107,104
"(64,)",relu,0.001,0.1,32,16.674288729981342,63
"(64,)",relu,0.001,0.1,64,16.62090407598836,61
"(64,)",relu,0.001,0.1,128,16.666809259391716,104
"(64,)",relu,0.005,0.0001,32,16.603783247322756,38
"(64,)",relu,0.005,0.0001,64,16.31669059001461,25
"(64,)",relu,0.005,0.0001,128,16.633527386998523,38
"(64,)",relu,0.005,0.001,32,16.658697418074972,38
"(64,)",relu,0.005,0.001,64,16.358483935528373,25
"(64,)",relu,0.005,0.001,128,16.635990404853256,41
"(64,)",relu,0.005,0.01,32,16.681943041906408,38
"(64,)",relu,0.005,0.01,64,16.35506897265402,25
"(64,)",relu,0.005,0.01,128,16.59726199311243,41
"(64,)",relu,0.005,0.1,32,16.565805263982668,38
"(64,)",relu,0.005,0.1,64,16.660375575246018,50
"(64,)",relu,0.005,0.1,128,16.401602310730233,38
"(64,)",relu,0.01,0.0001,32,16.976016983493434,29
"(64,)",relu,0.01,0.0001,64,16.50074284244794,43
"(64,)",relu,0.01,0.0001,128,16.553618289079544,23
"(64,)",relu,0.01,0.001,32,16.920367684093065,31
"(64,)",relu,0.01,0.001,64,16.34356791670049,43
"(64,)",relu,0.01,0.001,128,16.776391969566856,35
"(64,)",relu,0.01,0.01,32,16.274285856459322,28
"(64,)",relu,0.01,0.01,64,16.923362175817953,20
"(64,)",relu,0.01,0.01,128,16.710966061339015,35
"(64,)",relu,0.01,0.1,32,16.478890083249922,56
"(64,)",relu,0.01,0.1,64,16.91541974638165,20
"(64,)",relu,0.01,0.1,128,16.76323058489847,35
"(64,)",tanh,0.0001,0.0001,32,16.559307721450512,232
"(64,)",tanh,0.0001,0.0001,64,16.524425040799557,307
"(64,)",tanh,0.0001,0.0001,128,16.57607098689067,397
"(64,)",tanh,0.0001,0.001,32,16.5593223362677,232
"(64,)",tanh,0.0001,0.001,64,16.524415396345148,307
"(64,)",tanh,0.0001,0.001,128,16.576080207506163,397
"(64,)",tanh,0.0001,0.01,32,16.55945718460919,232
"(64,)",tanh,0.0001,0.01,64,16.524319940795486,307
"(64,)",tanh,0.0001,0.01,128,16.57616119466317,397
"(64,)",tanh,0.0001,0.1,32,16.559870265180766,232
"(64,)",tanh,0.0001,0.1,64,16.52343263478468,307
"(64,)",tanh,0.0001,0.1,128,16.577566320759384,397
"(64,)",tanh,0.0005,0.0001,32,16.285224151117575,71
"(64,)",tanh,0.0005,0.0001,64,16.45896890395206,79
"(64,)",tanh,0.0005,0.0001,128,16.519030677709875,146
"(64,)",tanh,0.0005,0.001,32,16.2852219979562,71
"(64,)",tanh,0.0005,0.001,64,16.458975996152542,79
"(64,)",tanh,0.0005,0.001,128,16.519020624992102,146
"(64,)",tanh,0.0005,0.01,32,16.285179290791397,71
"(64,)",tanh,0.0005,0.01,64,16.45905550269555,79
"(64,)",tanh,0.0005,0.01,128,16.51892379858639,146
"(64,)",tanh,0.0005,0.1,32,16.286155038082665,71
"(64,)",tanh,0.0005,0.1,64,16.4602274807884,79
"(64,)",tanh,0.0005,0.1,128,16.519127750964962,152
"(64,)",tanh,0.001,0.0001,32,16.58091632068499,50
"(64,)",tanh,0.001,0.0001,64,16.510111637097946,50
"(64,)",tanh,0.001,0.0001,128,16.502882153727615,79
"(64,)",tanh,0.001,0.001,32,16.58069571884209,50
"(64,)",tanh,0.001,0.001,64,16.510128310325072,50
"(64,)",tanh,0.001,0.001,128,16.502738929036088,79
"(64,)",tanh,0.001,0.01,32,16.578524508418575,50
"(64,)",tanh,0.001,0.01,64,16.510302464356304,50
"(64,)",tanh,0.001,0.01,128,16.50163130555399,79
"(64,)",tanh,0.001,0.1,32,16.563401156486748,50
"(64,)",tanh,0.001,0.1,64,16.511897942119198,50
"(64,)",tanh,0.001,0.1,128,16.484974396033106,79
"(64,)",tanh,0.005,0.0001,32,16.24145637212564,28
"(64,)",tanh,0.005,0.0001,64,16.29391486083466,25
"(64,)",tanh,0.005,0.0001,128,16.671188578605772,26
"(64,)",tanh,0.005,0.001,32,16.237523760693847,28
"(64,)",tanh,0.005,0.001,64,16.293832157985808,25
"(64,)",tanh,0.005,0.001,128,16.671111887367047,26
"(64,)",tanh,0.005,0.01,32,16.237209071613176,28
"(64,)",tanh,0.005,0.01,64,16.29247663113205,25
"(64,)",tanh,0.005,0.01,128,16.670373282972793,26
"(64,)",tanh,0.005,0.1,32,16.258324925054406,28
"(64,)",tanh,0.005,0.1,64,16.284550873454258,25
"(64,)",tanh,0.005,0.1,128,16.665580535466013,26
"(64,)",tanh,0.01,0.0001,32,16.387399358077154,25
"(64,)",tanh,0.01,0.0001,64,16.46469128460646,25
"(64,)",tanh,0.01,0.0001,128,16.36442796976728,25
"(64,)",tanh,0.01,0.001,32,16.455961917901693,25
"(64,)",tanh,0.01,0.001,64,16.458657681281316,25
"(64,)",tanh,0.01,0.001,128,16.365371965900678,25
"(64,)",tanh,0.01,0.01,32,16.829050699123286,20
"(64,)",tanh,0.01,0.01,64,16.647799523582087,26
"(64,)",tanh,0.01,0.01,128,16.365161845066297,25
"(64,)",tanh,0.01,0.1,32,16.24018460530722,26
"(64,)",tanh,0.01,0.1,64,16.5127635452172,25
"(64,)",tanh,0.01,0.1,128,16.77445745135495,26
"(128,)",relu,0.0001,0.0001,32,16.675375816804124,88
"(128,)",relu,0.0001,0.0001,64,16.663754249497615,111
"(128,)",relu,0.0001,0.0001,128,16.644019467326615,126
"(128,)",relu,0.0001,0.001,32,16.675408403602304,88
"(128,)",relu,0.0001,0.001,64,16.663695745477032,111
"(128,)",relu,0.0001,0.001,128,16.64399960231147,126
"(128,)",relu,0.0001,0.01,32,16.67553867854708,88
"(128,)",relu,0.0001,0.01,64,16.663205364370306,111
"(128,)",relu,0.0001,0.01,128,16.626924398183167,134
"(128,)",relu,0.0001,0.1,32,16.622469556902708,88
"(128,)",relu,0.0001,0.1,64,16.66356009749858,111
"(128,)",relu,0.0001,0.1,128,16.626576702831297,134
"(128,)",relu,0.0005,0.0001,32,16.846281166396793,40
"(128,)",relu,0.0005,0.0001,64,16.73135674929851,40
"(128,)",relu,0.0005,0.0001,128,16.72342241221279,58
"(128,)",relu,0.0005,0.001,32,16.8451358799238,40
"(128,)",relu,0.0005,0.001,64,16.72951858488251,40
"(128,)",relu,0.0005,0.001,128,16.722781912383365,58
"(128,)",relu,0.0005,0.01,32,16.848616647889628,40
"(128,)",relu,0.0005,0.01,64,16.729331968138002,40
"(128,)",relu,0.0005,0.01,128,16.722973015904223,58
"(128,)",relu,0.0005,0.1,32,16.84161841618241,40
"(128,)",relu,0.0005,0.1,64,16.725473023611155,40
"(128,)",relu,0.0005,0.1,128,16.720214313642494,58
"(128,)",relu,0.001,0.0001,32,16.732775471037847,68
"(128,)",relu,0.001,0.0001,64,16.727502559979566,38
"(128,)",relu,0.001,0.0001,128,16.648848405493545,38
"(128,)",relu,0.001,0.001,32,16.728545298918974,63
"(128,)",relu,0.001,0.001,64,16.730989081299725,38
"(128,)",relu,0.001,0.001,128,16.650474657680967,38
"(128,)",relu,0.001,0.01,32,16.86671461826029,63
"(128,)",relu,0.001,0.01,64,16.88621612837674,38
"(128,)",relu,0.001,0.01,128,16.648511926782735,38
"(128,)",relu,0.001,0.1,32,16.843813664227515,42
"(128,)",relu,0.001,0.1,64,16.882444614028774,38
"(128,)",relu,0.001,0.1,128,16.649456180122595,38
"(128,)",relu,0.005,0.0001,32,16.79012697107771,24
"(128,)",relu,0.005,0.0001,64,16.55461498222706,42
"(128,)",relu,0.005,0.0001,128,17.012111613053765,25
"(128,)",relu,0.005,0.001,32,16.77624814855168,24
"(128,)",relu,0.005,0.001,64,16.643996663079847,42
"(128,)",relu,0.005,0.001,128,17.051661718913213,25
"(128,)",relu,0.005,0.01,32,16.784875693582,24
"(128,)",relu,0.005,0.01,64,17.13204280293351,24
"(128,)",relu,0.005,0.01,128,17.10684874382089,21
"(128,)",relu,0.005,0.1,32,16.815416595364667,24
"(128,)",relu,0.005,0.1,64,17.037278670911945,21
"(128,)",relu,0.005,0.1,128,17.019882763164638,25
"(128,)",relu,0.01,0.0001,32,16.59322753969886,24
"(128,)",relu,0.01,0.0001,64,16.875136171828714,44
"(128,)",relu,0.01,0.0001,128,16.96906116081646,24
"(128,)",relu,0.01,0.001,32,16.548001954361922,24
"(128,)",relu,0.01,0.001,64,17.19645488848326,55
"(128,)",relu,0.01,0.001,128,16.89932431454331,42
"(128,)",relu,0.01,0.01,32,16.785699330534868,36
"(128,)",relu,0.01,0.01,64,16.541400118415698,42
"(128,)",relu,0.01,0.01,128,16.95595359100575,24
"(128,)",relu,0.01,0.1,32,16.502489315449925,24
"(128,)",relu,0.01,0.1,64,16.60543113743774,45
"(128,)",relu,0.01,0.1,128,16.91348540244556,24
"(128,)",tanh,0.0001,0.0001,32,16.56671657187089,175
"(128,)",tanh,0.0001,0.0001,64,16.69594173820885,279
"(128,)",tanh,0.0001,0.0001,128,16.671811904997654,279
"(128,)",tanh,0.0001,0.001,32,16.566705898350342,175
"(128,)",tanh,0.0001,0.001,64,16.695939679092923,279
"(128,)",tanh,0.0001,0.001,128,16.67180823684904,279
"(128,)",tanh,0.0001,0.01,32,16.566596430350934,175
"(128,)",tanh,0.0001,0.01,64,16.695918090133937,279
"(128,)",tanh,0.0001,0.01,128,16.67177173845209,279
"(128,)",tanh,0.0001,0.1,32,16.565278680731158,175
"(128,)",tanh,0.0001,0.1,64,16.69561132195592,279
"(128,)",tanh,0.0001,0.1,128,16.671426272693108,279
"(128,)",tanh,0.0005,0.0001,32,16.711171774406143,68
"(128,)",tanh,0.0005,0.0001,64,16.718918164981577,68
"(128,)",tanh,0.0005,0.0001,128,16.668365452850043,117
"(128,)",tanh,0.0005,0.001,32,16.711161355488905,68
"(128,)",tanh,0.0005,0.001,64,16.718918463108412,68
"(128,)",tanh,0.0005,0.001,128,16.66835340938961,117
"(128,)",tanh,0.0005,0.01,32,16.711058885365354,68
"(128,)",tanh,0.0005,0.01,64,16.71892352724556,68
"(128,)",tanh,0.0005,0.01,128,16.668235371171182,117
"(128,)",tanh,0.0005,0.1,32,16.71025526841958,68
"(128,)",tanh,0.0005,0.1,64,16.719158863675432,68
"(128,)",tanh,0.0005,0.1,128,16.667278243885956,117
"(128,)",tanh,0.001,0.0001,32,16.473434932644217,42
"(128,)",tanh,0.001,0.0001,64,16.82984658994753,68
"(128,)",tanh,0.001,0.0001,128,16.76158751257806,68
"(128,)",tanh,0.001,0.001,32,16.47334764212472,42
"(128,)",tanh,0.001,0.001,64,16.829833749908303,68
"(128,)",tanh,0.001,0.001,128,16.761587994196457,68
"(128,)",tanh,0.001,0.01,32,16.47245141188805,42
"(128,)",tanh,0.001,0.01,64,16.829695924867767,68
"(128,)",tanh,0.001,0.01,128,16.761598235158445,68
"(128,)",tanh,0.001,0.1,32,16.463866207028754,42
"(128,)",tanh,0.001,0.1,64,16.645845745916443,50
"(128,)",tanh,0.001,0.1,128,16.761205333423828,68
"(128,)",tanh,0.005,0.0001,32,17.024462284535897,24
"(128,)",tanh,0.005,0.0001,64,16.89558539933015,24
"(128,)",tanh,0.005,0.0001,128,16.715429839402972,24
"(128,)",tanh,0.005,0.001,32,17.023929391283584,24
"(128,)",tanh,0.005,0.001,64,16.895611568542513,24
"(128,)",tanh,0.005,0.001,128,16.715401072440894,24
"(128,)",tanh,0.005,0.01,32,17.107776769131114,25
"(128,)",tanh,0.005,0.01,64,16.89606138299507,24
"(128,)",tanh,0.005,0.01,128,16.715124171214487,24
"(128,)",tanh,0.005,0.1,32,16.872492494249336,28
"(128,)",tanh,0.005,0.1,64,16.89566699853708,24
"(128,)",tanh,0.005,0.1,128,16.712358317756667,24
"(128,)",tanh,0.01,0.0001,32,17.159605403922885,28
"(128,)",tanh,0.01,0.0001,64,16.746466908602482,28
"(128,)",tanh,0.01,0.0001,128,16.717284392557797,24
"(128,)",tanh,0.01,0.001,32,17.00153916519925,36
"(128,)",tanh,0.01,0.001,64,16.756593944578626,28
"(128,)",tanh,0.01,0.001,128,16.717200389883462,24
"(128,)",tanh,0.01,0.01,32,17.206014782339764,25
"(128,)",tanh,0.01,0.01,64,16.563267805829014,19
"(128,)",tanh,0.01,0.01,128,16.718466994646636,24
"(128,)",tanh,0.01,0.1,32,16.994238883383822,18
"(128,)",tanh,0.01,0.1,64,17.13185477518273,35
"(128,)",tanh,0.01,0.1,128,16.71103296700701,24
"(256,)",relu,0.0001,0.0001,32,16.592044622879417,120
"(256,)",relu,0.0001,0.0001,64,16.583260024688187,117
"(256,)",relu,0.0001,0.0001,128,16.624601934801472,117
"(256,)",relu,0.0001,0.001,32,16.59108759271776,120
"(256,)",relu,0.0001,0.001,64,16.58364704264968,117
"(256,)",relu,0.0001,0.001,128,16.624396160149917,117
"(256,)",relu,0.0001,0.01,32,16.591359343200736,120
"(256,)",relu,0.0001,0.01,64,16.58319722791961,117
"(256,)",relu,0.0001,0.01,128,16.624777417807433,117
"(256,)",relu,0.0001,0.1,32,16.591612920746204,120
"(256,)",relu,0.0001,0.1,64,16.58131766139171,117
"(256,)",relu,0.0001,0.1,128,16.624423053824454,117
"(256,)",relu,0.0005,0.0001,32,16.56297954392327,50
"(256,)",relu,0.0005,0.0001,64,16.519167372958155,50
"(256,)",relu,0.0005,0.0001,128,16.471172930566027,55
"(256,)",relu,0.0005,0.001,32,16.556215840420176,50
"(256,)",relu,0.0005,0.001,64,16.52005014884013,50
"(256,)",relu,0.0005,0.001,128,16.58189726774767,55
"(256,)",relu,0.0005,0.01,32,16.55302593221859,50
"(256,)",relu,0.0005,0.01,64,16.774855345944722,62
"(256,)",relu,0.0005,0.01,128,16.471671337262137,55
"(256,)",relu,0.0005,0.1,32,16.534457180830625,50
"(256,)",relu,0.0005,0.1,64,16.766886895707664,62
"(256,)",relu,0.0005,0.1,128,16.46727857827326,55
"(256,)",relu,0.001,0.0001,32,16.61259964093218,21
"(256,)",relu,0.001,0.0001,64,16.609124490232645,50
"(256,)",relu,0.001,0.0001,128,16.425171966176265,50
"(256,)",relu,0.001,0.001,32,16.35494394276946,33
"(256,)",relu,0.001,0.001,64,16.42251218583578,33
"(256,)",relu,0.001,0.001,128,16.4301275170079,50
"(256,)",relu,0.001,0.01,32,16.36928378311053,33
"(256,)",relu,0.001,0.01,64,16.427146760110073,33
"(256,)",relu,0.001,0.01,128,16.4288547734231,50
"(256,)",relu,0.001,0.1,32,16.350785351190247,33
"(256,)",relu,0.001,0.1,64,16.599789740041768,50
"(256,)",relu,0.001,0.1,128,16.424977984880595,50
"(256,)",relu,0.005,0.0001,32,16.526748498893436,23
"(256,)",relu,0.005,0.0001,64,16.356473151185213,21
"(256,)",relu,0.005,0.0001,128,16.33632958879184,33
"(256,)",relu,0.005,0.001,32,16.537268649649455,23
"(256,)",relu,0.005,0.001,64,16.345192164853167,21
"(256,)",relu,0.005,0.001,128,16.34088255886615,33
"(256,)",relu,0.005,0.01,32,17.08140581161885,35
"(256,)",relu,0.005,0.01,64,16.36870362447079,21
"(256,)",relu,0.005,0.01,128,16.364924910116056,33
"(256,)",relu,0.005,0.1,32,17.057328967167674,32
"(256,)",relu,0.005,0.1,64,16.34297486380477,21
"(256,)",relu,0.005,0.1,128,16.342312998770506,33
"(256,)",relu,0.01,0.0001,32,16.48371428393452,19
"(256,)",relu,0.01,0.0001,64,16.549116130105205,21
"(256,)",relu,0.01,0.0001,128,16.434022088634745,33
"(256,)",relu,0.01,0.001,32,16.549251083396328,19
"(256,)",relu,0.01,0.001,64,16.549422410264047,21
"(256,)",relu,0.01,0.001,128,16.44287455429925,33
"(256,)",relu,0.01,0.01,32,16.490483566560073,19
"(256,)",relu,0.01,0.01,64,16.587857955749463,21
"(256,)",relu,0.01,0.01,128,16.417365098476076,21
"(256,)",relu,0.01,0.1,32,17.118696480235354,32
"(256,)",relu,0.01,0.1,64,16.511420231206614,21
"(256,)",relu,0.01,0.1,128,16.386361490013073,33
"(256,)",tanh,0.0001,0.0001,32,16.626334189541122,119
"(256,)",tanh,0.0001,0.0001,64,16.624160975681935,119
"(256,)",tanh,0.0001,0.0001,128,16.594235022727702,150
"(256,)",tanh,0.0001,0.001,32,16.626319386056757,119
"(256,)",tanh,0.0001,0.001,64,16.62415567634368,119
"(256,)",tanh,0.0001,0.001,128,16.594232319729155,150
"(256,)",tanh,0.0001,0.01,32,16.626171717696327,119
"(256,)",tanh,0.0001,0.01,64,16.624102794021535,119
"(256,)",tanh,0.0001,0.01,128,16.594205307303085,150
"(256,)",tanh,0.0001,0.1,32,16.624739543867545,119
"(256,)",tanh,0.0001,0.1,64,16.623585148015646,119
"(256,)",tanh,0.0001,0.1,128,16.593936805924344,150
"(256,)",tanh,0.0005,0.0001,32,16.689802210944826,62
"(256,)",tanh,0.0005,0.0001,64,16.699160449641873,62
"(256,)",tanh,0.0005,0.0001,128,16.623724852130895,85
"(256,)",tanh,0.0005,0.001,32,16.68976167906401,62
"(256,)",tanh,0.0005,0.001,64,16.69914477275366,62
"(256,)",tanh,0.0005,0.001,128,16.623712211778738,85
"(256,)",tanh,0.0005,0.01,32,16.68935092137425,62
"(256,)",tanh,0.0005,0.01,64,16.698988470269956,62
"(256,)",tanh,0.0005,0.01,128,16.623585724233433,85
"(256,)",tanh,0.0005,0.1,32,16.684654836674028,62
"(256,)",tanh,0.0005,0.1,64,16.69747377649573,62
"(256,)",tanh,0.0005,0.1,128,16.622312244747942,85
"(256,)",tanh,0.001,0.0001,32,16.552514991338484,33
"(256,)",tanh,0.001,0.0001,64,16.746933566851478,62
"(256,)",tanh,0.001,0.0001,128,16.627112534738323,62
"(256,)",tanh,0.001,0.001,32,16.55246091208213,33
"(256,)",tanh,0.001,0.001,64,16.746897734095903,62
"(256,)",tanh,0.001,0.001,128,16.627107812614227,62
"(256,)",tanh,0.001,0.01,32,16.55192575996846,33
"(256,)",tanh,0.001,0.01,64,16.74653116206779,62
"(256,)",tanh,0.001,0.01,128,16.627062400162608,62
"(256,)",tanh,0.001,0.1,32,16.49984486570125,33
"(256,)",tanh,0.001,0.1,64,16.741913180180006,62
"(256,)",tanh,0.001,0.1,128,16.6267506256362,62
"(256,)",tanh,0.005,0.0001,32,16.45947389269918,22
"(256,)",tanh,0.005,0.0001,64,16.46857045301217,22
"(256,)",tanh,0.005,0.0001,128,16.529463660919657,33
"(256,)",tanh,0.005,0.001,32,16.459314466504505,22
"(256,)",tanh,0.005,0.001,64,16.46846261639935,22
"(256,)",tanh,0.005,0.001,128,16.529440493969293,33
"(256,)",tanh,0.005,0.01,32,16.458797837675164,22
"(256,)",tanh,0.005,0.01,64,16.467366611236017,22
"(256,)",tanh,0.005,0.01,128,16.529192841197677,33
"(256,)",tanh,0.005,0.1,32,16.45305971201092,22
"(256,)",tanh,0.005,0.1,64,16.456261589211547,22
"(256,)",tanh,0.005,0.1,128,16.5270363213658,33
"(256,)",tanh,0.01,0.0001,32,16.334942317215578,21
"(256,)",tanh,0.01,0.0001,64,16.52555655747281,21
"(256,)",tanh,0.01,0.0001,128,16.35996631427731,22
"(256,)",tanh,0.01,0.001,32,16.336925917530657,21
"(256,)",tanh,0.01,0.001,64,16.519109185223517,21
"(256,)",tanh,0.01,0.001,128,16.36021329682431,22
"(256,)",tanh,0.01,0.01,32,16.391329198051988,21
"(256,)",tanh,0.01,0.01,64,16.521678141107316,21
"(256,)",tanh,0.01,0.01,128,16.358079853992926,22
"(256,)",tanh,0.01,0.1,32,17.027031741162165,22
"(256,)",tanh,0.01,0.1,64,16.50197433482428,21
"(256,)",tanh,0.01,0.1,128,16.35977668705172,22
"(64, 32)",relu,0.0001,0.0001,32,16.699869316087185,113
"(64, 32)",relu,0.0001,0.0001,64,16.636160871578813,127
"(64, 32)",relu,0.0001,0.0001,128,16.64163824325405,178
"(64, 32)",relu,0.0001,0.001,32,16.697654223933018,113
"(64, 32)",relu,0.0001,0.001,64,16.71583234060344,205
"(64, 32)",relu,0.0001,0.001,128,16.63813876314171,178
"(64, 32)",relu,0.0001,0.01,32,16.69754879735561,113
"(64, 32)",relu,0.0001,0.01,64,16.70688777745367,180
"(64, 32)",relu,0.0001,0.01,128,16.642437416374538,172
"(64, 32)",relu,0.0001,0.1,32,16.697277028030243,113
"(64, 32)",relu,0.0001,0.1,64,16.701404796229216,180
"(64, 32)",relu,0.0001,0.1,128,16.6336580517258,178
"(64, 32)",relu,0.0005,0.0001,32,16.63676985760584,62
"(64, 32)",relu,0.0005,0.0001,64,16.702436972160985,84
"(64, 32)",relu,0.0005,0.0001,128,16.704739528814937,58
"(64, 32)",relu,0.0005,0.001,32,16.62419901820372,62
"(64, 32)",relu,0.0005,0.001,64,16.713839617425872,84
"(64, 32)",relu,0.0005,0.001,128,16.698331975801064,58
"(64, 32)",relu,0.0005,0.01,32,16.622587521402302,62
"(64, 32)",relu,0.0005,0.01,64,16.698417778776566,84
"(64, 32)",relu,0.0005,0.01,128,16.694689526373466,58
"(64, 32)",relu,0.0005,0.1,32,16.780052508975942,63
"(64, 32)",relu,0.0005,0.1,64,16.67297375061399,84
"(64, 32)",relu,0.0005,0.1,128,16.68129398187024,58
"(64, 32)",relu,0.001,0.0001,32,16.960875088563835,35
"(64, 32)",relu,0.001,0.0001,64,16.804087632092624,43
"(64, 32)",relu,0.001,0.0001,128,16.909773450431455,84
"(64, 32)",relu,0.001,0.001,32,16.953854605254623,43
"(64, 32)",relu,0.001,0.001,64,16.98876383869643,51
"(64, 32)",relu,0.001,0.001,128,16.863995555748414,84
"(64, 32)",relu,0.001,0.01,32,16.97595964348528,43
"(64, 32)",relu,0.001,0.01,64,16.991532446747332,51
"(64, 32)",relu,0.001,0.01,128,16.892021871462923,84
"(64, 32)",relu,0.001,0.1,32,16.920822766589325,43
"(64, 32)",relu,0.001,0.1,64,16.991365171749944,51
"(64, 32)",relu,0.001,0.1,128,16.967737407780444,62
"(64, 32)",relu,0.005,0.0001,32,16.617912853269118,36
"(64, 32)",relu,0.005,0.0001,64,16.872267387383268,43
"(64, 32)",relu,0.005,0.0001,128,16.413504396078597,35
"(64, 32)",relu,0.005,0.001,32,16.34023819094895,33
"(64, 32)",relu,0.005,0.001,64,16.95456347670398,43
"(64, 32)",relu,0.005,0.001,128,17.09953480415804,31
"(64, 32)",relu,0.005,0.01,32,16.33007436712316,33
"(64, 32)",relu,0.005,0.01,64,17.123979061931777,43
"(64, 32)",relu,0.005,0.01,128,16.801984870247033,40
"(64, 32)",relu,0.005,0.1,32,16.237879357183523,33
"(64, 32)",relu,0.005,0.1,64,16.900543584877997,43
"(64, 32)",relu,0.005,0.1,128,17.090412256290165,43
"(64, 32)",relu,0.01,0.0001,32,16.716837634731128,33
"(64, 32)",relu,0.01,0.0001,64,16.910935493994288,43
"(64, 32)",relu,0.01,0.0001,128,16.560043144973182,19
"(64, 32)",relu,0.01,0.001,32,16.40504271680202,33
"(64, 32)",relu,0.01,0.001,64,16.950888498064955,43
"(64, 32)",relu,0.01,0.001,128,16.919082668692322,31
"(64, 32)",relu,0.01,0.01,32,17.059159222542725,35
"(64, 32)",relu,0.01,0.01,64,16.996206036633488,43
"(64, 32)",relu,0.01,0.01,128,16.89423275557637,31
"(64, 32)",relu,0.01,0.1,32,16.426968419905066,33
"(64, 32)",relu,0.01,0.1,64,17.09031387604811,47
"(64, 32)",relu,0.01,0.1,128,16.392004619000346,31
"(64, 32)",tanh,0.0001,0.0001,32,16.443760323072137,166
"(64, 32)",tanh,0.0001,0.0001,64,16.54883557066241,215
"(64, 32)",tanh,0.0001,0.0001,128,16.539231554368843,293
"(64, 32)",tanh,0.0001,0.001,32,16.443841068495622,166
"(64, 32)",tanh,0.0001,0.001,64,16.54882672812817,215
"(64, 32)",tanh,0.0001,0.001,128,16.53930095219706,293
"(64, 32)",tanh,0.0001,0.01,32,16.444734834146253,166
"(64, 32)",tanh,0.0001,0.01,64,16.54876714875304,215
"(64, 32)",tanh,0.0001,0.01,128,16.540005256660184,293
"(64, 32)",tanh,0.0001,0.1,32,16.494208017219698,166
"(64, 32)",tanh,0.0001,0.1,64,16.549957978264633,215
"(64, 32)",tanh,0.0001,0.1,128,16.543896641329034,293
"(64, 32)",tanh,0.0005,0.0001,32,16.48132862990684,43
"(64, 32)",tanh,0.0005,0.0001,64,16.581811279458464,56
"(64, 32)",tanh,0.0005,0.0001,128,16.65302494702074,100
"(64, 32)",tanh,0.0005,0.001,32,16.481397735232946,43
"(64, 32)",tanh,0.0005,0.001,64,16.581769580273974,56
"(64, 32)",tanh,0.0005,0.001,128,16.65317023049554,100
"(64, 32)",tanh,0.0005,0.01,32,16.481770590930775,43
"(64, 32)",tanh,0.0005,0.01,64,16.58116334401274,62
"(64, 32)",tanh,0.0005,0.01,128,16.618951371237745,84
"(64, 32)",tanh,0.0005,0.1,32,16.47593962246146,43
"(64, 32)",tanh,0.0005,0.1,64,16.56804672309896,62
"(64, 32)",tanh,0.0005,0.1,128,16.427051008870105,84
"(64, 32)",tanh,0.001,0.0001,32,16.51015676116862,33
"(64, 32)",tanh,0.001,0.0001,64,16.52903193449374,43
"(64, 32)",tanh,0.001,0.0001,128,16.698982574830335,62
"(64, 32)",tanh,0.001,0.001,32,16.50973671130698,33
"(64, 32)",tanh,0.001,0.001,64,16.52926016188691,43
"(64, 32)",tanh,0.001,0.001,128,16.699031314075743,62
"(64, 32)",tanh,0.001,0.01,32,16.505376380036143,33
"(64, 32)",tanh,0.001,0.01,64,16.53126762131495,43
"(64, 32)",tanh,0.001,0.01,128,16.699518175200215,62
"(64, 32)",tanh,0.001,0.1,32,16.89042517760669,43
"(64, 32)",tanh,0.001,0.1,64,16.530968968924007,43
"(64, 32)",tanh,0.001,0.1,128,16.713225936132503,70
"(64, 32)",tanh,0.005,0.0001,32,16.997967417374028,27
"(64, 32)",tanh,0.005,0.0001,64,16.654574988243535,20
"(64, 32)",tanh,0.005,0.0001,128,16.81944158021544,26
"(64, 32)",tanh,0.005,0.001,32,17.05223914645355,21
"(64, 32)",tanh,0.005,0.001,64,17.098470649156095,25
"(64, 32)",tanh,0.005,0.001,128,17.010189727768196,33
"(64, 32)",tanh,0.005,0.01,32,16.840492162174648,20
"(64, 32)",tanh,0.005,0.01,64,16.726745667638877,20
"(64, 32)",tanh,0.005,0.01,128,17.146486711271393,33
"(64, 32)",tanh,0.005,0.1,32,16.573359227069876,23
"(64, 32)",tanh,0.005,0.1,64,16.92935987704902,33
"(64, 32)",tanh,0.005,0.1,128,16.742880301140826,33
"(64, 32)",tanh,0.01,0.0001,32,16.697996153967967,32
"(64, 32)",tanh,0.01,0.0001,64,16.928525010552033,23
"(64, 32)",tanh,0.01,0.0001,128,16.8305162585093,23
"(64, 32)",tanh,0.01,0.001,32,17.077001061960146,27
"(64, 32)",tanh,0.01,0.001,64,16.891919891160757,19
"(64, 32)",tanh,0.01,0.001,128,16.89981342038606,26
"(64, 32)",tanh,0.01,0.01,32,16.79103919943088,20
"(64, 32)",tanh,0.01,0.01,64,16.884083347919212,21
"(64, 32)",tanh,0.01,0.01,128,16.801208859024563,20
"(64, 32)",tanh,0.01,0.1,32,17.18959966027464,31
"(64, 32)",tanh,0.01,0.1,64,17.299667329173626,31
"(64, 32)",tanh,0.01,0.1,128,16.765790337617045,23
"(128, 64)",relu,0.0001,0.0001,32,16.669275243309393,89
"(128, 64)",relu,0.0001,0.0001,64,16.60265255020609,98
"(128, 64)",relu,0.0001,0.0001,128,16.517219149871302,115
"(128, 64)",relu,0.0001,0.001,32,16.56544537198671,89
"(128, 64)",relu,0.0001,0.001,64,16.699131181994865,98
"(128, 64)",relu,0.0001,0.001,128,16.51860626226833,115
"(128, 64)",relu,0.0001,0.01,32,16.616665382600072,61
"(128, 64)",relu,0.0001,0.01,64,16.69612857950066,98
"(128, 64)",relu,0.0001,0.01,128,16.519271398943538,115
"(128, 64)",relu,0.0001,0.1,32,16.594734074599305,77
"(128, 64)",relu,0.0001,0.1,64,16.60300991712629,98
"(128, 64)",relu,0.0001,0.1,128,16.520331435208238,115
"(128, 64)",relu,0.0005,0.0001,32,16.82504550725294,31
"(128, 64)",relu,0.0005,0.0001,64,16.869045719620008,31
"(128, 64)",relu,0.0005,0.0001,128,16.565359238497788,49
"(128, 64)",relu,0.0005,0.001,32,16.840875674471672,31
"(128, 64)",relu,0.0005,0.001,64,16.66194370111609,39
"(128, 64)",relu,0.0005,0.001,128,16.565141530942032,49
"(128, 64)",relu,0.0005,0.01,32,16.681751172897606,24
"(128, 64)",relu,0.0005,0.01,64,16.87664054382076,31
"(128, 64)",relu,0.0005,0.01,128,16.552942149912234,49
"(128, 64)",relu,0.0005,0.1,32,16.83862383245713,24
"(128, 64)",relu,0.0005,0.1,64,16.89265165423044,31
"(128, 64)",relu,0.0005,0.1,128,16.553988462789157,49
"(128, 64)",relu,0.001,0.0001,32,16.809747688031845,21
"(128, 64)",relu,0.001,0.0001,64,16.645388954628775,24
"(128, 64)",relu,0.001,0.0001,128,16.63774107014247,39
"(128, 64)",relu,0.001,0.001,32,16.612731896904897,22
"(128, 64)",relu,0.001,0.001,64,16.72719485237931,22
"(128, 64)",relu,0.001,0.001,128,16.658229997013283,39
"(128, 64)",relu,0.001,0.01,32,16.785295478393078,21
"(128, 64)",relu,0.001,0.01,64,16.704085380054448,22
"(128, 64)",relu,0.001,0.01,128,16.668136806081456,31
"(128, 64)",relu,0.001,0.1,32,16.55173238929091,29
"(128, 64)",relu,0.001,0.1,64,16.70969663617175,22
"(128, 64)",relu,0.001,0.1,128,16.67352636191701,31
"(128, 64)",relu,0.005,0.0001,32,16.264979302602107,24
"(128, 64)",relu,0.005,0.0001,64,16.46647854005039,29
"(128, 64)",relu,0.005,0.0001,128,16.666455583199408,29
"(128, 64)",relu,0.005,0.001,32,16.21311562228202,24
"(128, 64)",relu,0.005,0.001,64,16.541035116770708,29
"(128, 64)",relu,0.005,0.001,128,16.676874269388822,29
"(128, 64)",relu,0.005,0.01,32,16.667219801351383,24
"(128, 64)",relu,0.005,0.01,64,16.48463761475791,29
"(128, 64)",relu,0.005,0.01,128,16.715371999256867,29
"(128, 64)",relu,0.005,0.1,32,16.310778149871663,24
"(128, 64)",relu,0.005,0.1,64,16.62596485652388,29
"(128, 64)",relu,0.005,0.1,128,16.7138757946208,29
"(128, 64)",relu,0.01,0.0001,32,16.753796754983465,29
"(128, 64)",relu,0.01,0.0001,64,16.46934850459383,29
"(128, 64)",relu,0.01,0.0001,128,17.082844025779096,29
"(128, 64)",relu,0.01,0.001,32,16.641703244539922,21
"(128, 64)",relu,0.01,0.001,64,16.47296710929134,29
"(128, 64)",relu,0.01,0.001,128,17.053460566390708,29
"(128, 64)",relu,0.01,0.01,32,16.146057571980485,24
"(128, 64)",relu,0.01,0.01,64,16.414559234358094,29
"(128, 64)",relu,0.01,0.01,128,17.101696893135788,29
"(128, 64)",relu,0.01,0.1,32,16.717482810108915,21
"(128, 64)",relu,0.01,0.1,64,16.585882590873325,32
"(128, 64)",relu,0.01,0.1,128,17.024235034692314,29
"(128, 64)",tanh,0.0001,0.0001,32,16.646983195249888,115
"(128, 64)",tanh,0.0001,0.0001,64,16.600635567847355,145
"(128, 64)",tanh,0.0001,0.0001,128,16.600141238834738,248
"(128, 64)",tanh,0.0001,0.001,32,16.646854172647153,115
"(128, 64)",tanh,0.0001,0.001,64,16.60055773677152,145
"(128, 64)",tanh,0.0001,0.001,128,16.600084691059664,248
"(128, 64)",tanh,0.0001,0.01,32,16.64562832308509,115
"(128, 64)",tanh,0.0001,0.01,64,16.599814706641954,145
"(128, 64)",tanh,0.0001,0.01,128,16.5995355801978,248
"(128, 64)",tanh,0.0001,0.1,32,16.633511164375903,115
"(128, 64)",tanh,0.0001,0.1,64,16.590837177444506,145
"(128, 64)",tanh,0.0001,0.1,128,16.59585158425758,248
"(128, 64)",tanh,0.0005,0.0001,32,16.705529033137974,33
"(128, 64)",tanh,0.0005,0.0001,64,16.54915110789267,49
"(128, 64)",tanh,0.0005,0.0001,128,16.6993754342509,96
"(128, 64)",tanh,0.0005,0.001,32,16.70555508463787,33
"(128, 64)",tanh,0.0005,0.001,64,16.54904901819597,49
"(128, 64)",tanh,0.0005,0.001,128,16.699614541675587,96
"(128, 64)",tanh,0.0005,0.01,32,16.70577260983263,33
"(128, 64)",tanh,0.0005,0.01,64,16.548085767809695,49
"(128, 64)",tanh,0.0005,0.01,128,16.702213778549176,96
"(128, 64)",tanh,0.0005,0.1,32,16.707288198313822,33
"(128, 64)",tanh,0.0005,0.1,64,16.545282786520445,49
"(128, 64)",tanh,0.0005,0.1,128,16.69832589439424,96
"(128, 64)",tanh,0.001,0.0001,32,16.728991261394384,33
"(128, 64)",tanh,0.001,0.0001,64,16.821259651733218,33
"(128, 64)",tanh,0.001,0.0001,128,16.63153238722851,49
"(128, 64)",tanh,0.001,0.001,32,16.72950421056973,33
"(128, 64)",tanh,0.001,0.001,64,16.821445733772386,33
"(128, 64)",tanh,0.001,0.001,128,16.63151885602685,49
"(128, 64)",tanh,0.001,0.01,32,16.73593114168212,33
"(128, 64)",tanh,0.001,0.01,64,16.821286829900995,33
"(128, 64)",tanh,0.001,0.01,128,16.63131166090926,49
"(128, 64)",tanh,0.001,0.1,32,16.75137300613783,31
"(128, 64)",tanh,0.001,0.1,64,16.639624526988676,33
"(128, 64)",tanh,0.001,0.1,128,16.800701933800028,67
"(128, 64)",tanh,0.005,0.0001,32,16.807731983085898,26
"(128, 64)",tanh,0.005,0.0001,64,17.112210463867967,26
"(128, 64)",tanh,0.005,0.0001,128,16.97864376602745,25
"(128, 64)",tanh,0.005,0.001,32,17.14831433599357,23
"(128, 64)",tanh,0.005,0.001,64,16.405378869149104,21
"(128, 64)",tanh,0.005,0.001,128,16.744407149723852,23
"(128, 64)",tanh,0.005,0.01,32,16.768457505402473,26
"(128, 64)",tanh,0.005,0.01,64,16.939142413297873,25
"(128, 64)",tanh,0.005,0.01,128,16.6089826579155,23
"(128, 64)",tanh,0.005,0.1,32,16.472817625400182,19
"(128, 64)",tanh,0.005,0.1,64,16.68088036995351,22
"(128, 64)",tanh,0.005,0.1,128,16.997019945139314,33
"(128, 64)",tanh,0.01,0.0001,32,16.93864637002327,24
"(128, 64)",tanh,0.01,0.0001,64,16.940779708723614,35
"(128, 64)",tanh,0.01,0.0001,128,17.08605067492365,25
"(128, 64)",tanh,0.01,0.001,32,17.116641018036805,33
"(128, 64)",tanh,0.01,0.001,64,16.521647513135598,28
"(128, 64)",tanh,0.01,0.001,128,16.66036849594499,22
"(128, 64)",tanh,0.01,0.01,32,17.06438905196424,31
"(128, 64)",tanh,0.01,0.01,64,16.669511522177128,35
"(128, 64)",tanh,0.01,0.01,128,16.930274932049254,19
"(128, 64)",tanh,0.01,0.1,32,16.754501014439818,33
"(128, 64)",tanh,0.01,0.1,64,17.235846902365434,22
"(128, 64)",tanh,0.01,0.1,128,16.967550512470336,33
"(128, 128)",relu,0.0001,0.0001,32,16.667658714903688,94
"(128, 128)",relu,0.0001,0.0001,64,16.614071999058428,95
"(128, 128)",relu,0.0001,0.0001,128,16.46750077515664,95
"(128, 128)",relu,0.0001,0.001,32,16.667725503798724,94
"(128, 128)",relu,0.0001,0.001,64,16.61763126525523,95
"(128, 128)",relu,0.0001,0.001,128,16.46861039182424,95
"(128, 128)",relu,0.0001,0.01,32,16.674400024063313,94
"(128, 128)",relu,0.0001,0.01,64,16.61921074885509,95
"(128, 128)",relu,0.0001,0.01,128,16.469080992456576,95
"(128, 128)",relu,0.0001,0.1,32,16.651606756313715,94
"(128, 128)",relu,0.0001,0.1,64,16.61312261329946,95
"(128, 128)",relu,0.0001,0.1,128,16.46674015809283,95
"(128, 128)",relu,0.0005,0.0001,32,16.39418392362053,40
"(128, 128)",relu,0.0005,0.0001,64,16.396542631374615,39
"(128, 128)",relu,0.0005,0.0001,128,16.71317196426772,36
"(128, 128)",relu,0.0005,0.001,32,16.723377408066185,33
"(128, 128)",relu,0.0005,0.001,64,16.40052041681113,39
"(128, 128)",relu,0.0005,0.001,128,16.70233885060442,36
"(128, 128)",relu,0.0005,0.01,32,16.758947204863105,33
"(128, 128)",relu,0.0005,0.01,64,16.425003121596305,39
"(128, 128)",relu,0.0005,0.01,128,16.70923269653236,36
"(128, 128)",relu,0.0005,0.1,32,16.73046995973088,33
"(128, 128)",relu,0.0005,0.1,64,16.407685307311763,39
"(128, 128)",relu,0.0005,0.1,128,16.704051424389963,36
"(128, 128)",relu,0.001,0.0001,32,16.63515992063439,32
"(128, 128)",relu,0.001,0.0001,64,16.886370413763395,33
"(128, 128)",relu,0.001,0.0001,128,16.39719565453952,39
"(128, 128)",relu,0.001,0.001,32,16.6490722514926,32
"(128, 128)",relu,0.001,0.001,64,16.935618087103062,33
"(128, 128)",relu,0.001,0.001,128,16.38653252375925,39
"(128, 128)",relu,0.001,0.01,32,16.62270508695255,32
"(128, 128)",relu,0.001,0.01,64,16.376543357109227,45
"(128, 128)",relu,0.001,0.01,128,16.409597938624998,39
"(128, 128)",relu,0.001,0.1,32,16.503671297386074,42
"(128, 128)",relu,0.001,0.1,64,16.914148324025017,33
"(128, 128)",relu,0.001,0.1,128,16.423601567549703,39
"(128, 128)",relu,0.005,0.0001,32,16.464998781483025,37
"(128, 128)",relu,0.005,0.0001,64,16.579517957658627,33
"(128, 128)",relu,0.005,0.0001,128,16.346595058917377,45
"(128, 128)",relu,0.005,0.001,32,16.532678869405515,40
"(128, 128)",relu,0.005,0.001,64,16.626293984531664,16
"(128, 128)",relu,0.005,0.001,128,16.34704570034183,45
"(128, 128)",relu,0.005,0.01,32,16.82502938304968,32
"(128, 128)",relu,0.005,0.01,64,16.60870858353663,33
"(128, 128)",relu,0.005,0.01,128,16.363585335717485,45
"(128, 128)",relu,0.005,0.1,32,16.575823512896438,32
"(128, 128)",relu,0.005,0.1,64,16.496857198506056,33
"(128, 128)",relu,0.005,0.1,128,16.325179286227385,45
"(128, 128)",relu,0.01,0.0001,32,16.76497944349515,32
"(128, 128)",relu,0.01,0.0001,64,16.679543929279475,40
"(128, 128)",relu,0.01,0.0001,128,16.42516256944143,45
"(128, 128)",relu,0.01,0.001,32,16.676881183116272,32
"(128, 128)",relu,0.01,0.001,64,16.7034476379116,33
"(128, 128)",relu,0.01,0.001,128,16.448724519955483,45
"(128, 128)",relu,0.01,0.01,32,16.784446584739776,32
"(128, 128)",relu,0.01,0.01,64,16.542663106585806,40
"(128, 128)",relu,0.01,0.01,128,16.394956498218605,45
"(128, 128)",relu,0.01,0.1,32,16.432357390239478,40
"(128, 128)",relu,0.01,0.1,64,16.645583665158025,33
"(128, 128)",relu,0.01,0.1,128,16.565398971696112,45
"(128, 128)",tanh,0.0001,0.0001,32,16.533759753449488,122
"(128, 128)",tanh,0.0001,0.0001,64,16.516596994408868,185
"(128, 128)",tanh,0.0001,0.0001,128,16.493959477339878,185
"(128, 128)",tanh,0.0001,0.001,32,16.53365900167586,122
"(128, 128)",tanh,0.0001,0.001,64,16.516557593474865,185
"(128, 128)",tanh,0.0001,0.001,128,16.493945396494336,185
"(128, 128)",tanh,0.0001,0.01,32,16.532652722485157,122
"(128, 128)",tanh,0.0001,0.01,64,16.516167579433233,185
"(128, 128)",tanh,0.0001,0.01,128,16.493805130954495,185
"(128, 128)",tanh,0.0001,0.1,32,16.52316865884597,122
"(128, 128)",tanh,0.0001,0.1,64,16.512769476053787,185
"(128, 128)",tanh,0.0001,0.1,128,16.49245978958563,185
"(128, 128)",tanh,0.0005,0.0001,32,16.460291890701207,51
"(128, 128)",tanh,0.0005,0.0001,64,16.568969730829426,51
"(128, 128)",tanh,0.0005,0.0001,128,16.533611639437517,82
"(128, 128)",tanh,0.0005,0.001,32,16.460309460158168,51
"(128, 128)",tanh,0.0005,0.001,64,16.56888343695596,51
"(128, 128)",tanh,0.0005,0.001,128,16.533548154464647,82
"(128, 128)",tanh,0.0005,0.01,32,16.460921444267246,51
"(128, 128)",tanh,0.0005,0.01,64,16.568008501936575,51
"(128, 128)",tanh,0.0005,0.01,128,16.53290220834386,82
"(128, 128)",tanh,0.0005,0.1,32,16.451251395538744,51
"(128, 128)",tanh,0.0005,0.1,64,16.46321704895217,51
"(128, 128)",tanh,0.0005,0.1,128,16.525972290201686,82
"(128, 128)",tanh,0.001,0.0001,32,16.588698698503222,40
"(128, 128)",tanh,0.001,0.0001,64,16.584161034141257,51
"(128, 128)",tanh,0.001,0.0001,128,16.516629038232434,57
"(128, 128)",tanh,0.001,0.001,32,16.587392563937467,40
"(128, 128)",tanh,0.001,0.001,64,16.58448619192898,51
"(128, 128)",tanh,0.001,0.001,128,16.5162552022416,57
"(128, 128)",tanh,0.001,0.01,32,16.58839412045769,40
"(128, 128)",tanh,0.001,0.01,64,16.580586949766335,40
"(128, 128)",tanh,0.001,0.01,128,16.512486602377326,57
"(128, 128)",tanh,0.001,0.1,32,16.57973933529086,40
"(128, 128)",tanh,0.001,0.1,64,16.661466341114842,40
"(128, 128)",tanh,0.001,0.1,128,16.491651550825704,57
"(128, 128)",tanh,0.005,0.0001,32,16.62217949656551,22
"(128, 128)",tanh,0.005,0.0001,64,16.90021354488268,29
"(128, 128)",tanh,0.005,0.0001,128,16.627654514194905,27
"(128, 128)",tanh,0.005,0.001,32,16.344733884841684,22
"(128, 128)",tanh,0.005,0.001,64,16.771788298366324,29
"(128, 128)",tanh,0.005,0.001,128,16.68121148031152,32
"(128, 128)",tanh,0.005,0.01,32,16.787671090266624,22
"(128, 128)",tanh,0.005,0.01,64,16.77444406046948,32
"(128, 128)",tanh,0.005,0.01,128,16.670417701902682,27
"(128, 128)",tanh,0.005,0.1,32,16.540658031246494,32
"(128, 128)",tanh,0.005,0.1,64,16.43524359944731,23
"(128, 128)",tanh,0.005,0.1,128,16.54840069808319,32
"(128, 128)",tanh,0.01,0.0001,32,16.607656138737962,39
"(128, 128)",tanh,0.01,0.0001,64,16.790455466508423,25
"(128, 128)",tanh,0.01,0.0001,128,17.20988323787261,39
"(128, 128)",tanh,0.01,0.001,32,16.653843063042075,24
"(128, 128)",tanh,0.01,0.001,64,16.76518834725464,22
"(128, 128)",tanh,0.01,0.001,128,16.72039783378146,27
"(128, 128)",tanh,0.01,0.01,32,16.797338371269866,26
"(128, 128)",tanh,0.01,0.01,64,16.989607970263837,28
"(128, 128)",tanh,0.01,0.01,128,17.175271080655826,21
"(128, 128)",tanh,0.01,0.1,32,16.80824832428895,47
"(128, 128)",tanh,0.01,0.1,64,16.700723411855126,32
"(128, 128)",tanh,0.01,0.1,128,16.65610409808586,27
"(256, 128)",relu,0.0001,0.0001,32,16.66088055634248,68
"(256, 128)",relu,0.0001,0.0001,64,16.63927899013908,68
"(256, 128)",relu,0.0001,0.0001,128,16.542737493956473,68
"(256, 128)",relu,0.0001,0.001,32,16.73011446455294,68
"(256, 128)",relu,0.0001,0.001,64,16.634920005622522,68
"(256, 128)",relu,0.0001,0.001,128,16.544212867376935,68
"(256, 128)",relu,0.0001,0.01,32,16.653597351466146,68
"(256, 128)",relu,0.0001,0.01,64,16.634763215464954,68
"(256, 128)",relu,0.0001,0.01,128,16.54230380555932,68
"(256, 128)",relu,0.0001,0.1,32,16.652178060052393,68
"(256, 128)",relu,0.0001,0.1,64,16.631079020247654,68
"(256, 128)",relu,0.0001,0.1,128,16.53942766737455,68
"(256, 128)",relu,0.0005,0.0001,32,17.097542506201457,37
"(256, 128)",relu,0.0005,0.0001,64,16.84866307728453,42
"(256, 128)",relu,0.0005,0.0001,128,16.779637835928206,63
"(256, 128)",relu,0.0005,0.001,32,17.075603780203878,37
"(256, 128)",relu,0.0005,0.001,64,16.820830907783357,42
"(256, 128)",relu,0.0005,0.001,128,16.882938987068794,44
"(256, 128)",relu,0.0005,0.01,32,17.088410607014996,37
"(256, 128)",relu,0.0005,0.01,64,16.85298902072212,42
"(256, 128)",relu,0.0005,0.01,128,16.808820215119276,63
"(256, 128)",relu,0.0005,0.1,32,17.074324101982366,37
"(256, 128)",relu,0.0005,0.1,64,16.8635346378094,42
"(256, 128)",relu,0.0005,0.1,128,16.771463905704287,63
"(256, 128)",relu,0.001,0.0001,32,17.1688612071526,29
"(256, 128)",relu,0.001,0.0001,64,16.9981454895068,37
"(256, 128)",relu,0.001,0.0001,128,16.790638062667323,37
"(256, 128)",relu,0.001,0.001,32,17.197579419834142,29
"(256, 128)",relu,0.001,0.001,64,16.98633251154606,37
"(256, 128)",relu,0.001,0.001,128,16.794831809332297,37
"(256, 128)",relu,0.001,0.01,32,17.208815347783197,29
"(256, 128)",relu,0.001,0.01,64,17.040906293070726,37
"(256, 128)",relu,0.001,0.01,128,16.822878951306595,37
"(256, 128)",relu,0.001,0.1,32,17.144115045669192,29
"(256, 128)",relu,0.001,0.1,64,17.009586153158196,37
"(256, 128)",relu,0.001,0.1,128,16.78790292618176,37
"(256, 128)",relu,0.005,0.0001,32,16.84745609876162,31
"(256, 128)",relu,0.005,0.0001,64,16.767637553119986,20
"(256, 128)",relu,0.005,0.0001,128,17.207345528802037,37
"(256, 128)",relu,0.005,0.001,32,16.917782328807277,31
"(256, 128)",relu,0.005,0.001,64,17.05125753570247,37
"(256, 128)",relu,0.005,0.001,128,17.063231496773,63
"(256, 128)",relu,0.005,0.01,32,17.012393675662768,29
"(256, 128)",relu,0.005,0.01,64,16.83155312209605,29
"(256, 128)",relu,0.005,0.01,128,17.294192026752224,37
"(256, 128)",relu,0.005,0.1,32,17.01148091723866,31
"(256, 128)",relu,0.005,0.1,64,16.943283898053465,29
"(256, 128)",relu,0.005,0.1,128,17.25726425075543,37
"(256, 128)",relu,0.01,0.0001,32,16.96864195517056,29
"(256, 128)",relu,0.01,0.0001,64,17.024330101456535,29
"(256, 128)",relu,0.01,0.0001,128,16.573424131654207,16
"(256, 128)",relu,0.01,0.001,32,16.502847918330637,23
"(256, 128)",relu,0.01,0.001,64,17.024737845611828,29
"(256, 128)",relu,0.01,0.001,128,16.554166454109716,16
"(256, 128)",relu,0.01,0.01,32,16.455104337841608,23
"(256, 128)",relu,0.01,0.01,64,17.26758319571788,47
"(256, 128)",relu,0.01,0.01,128,16.509255671624413,16
"(256, 128)",relu,0.01,0.1,32,16.551550791294414,23
"(256, 128)",relu,0.01,0.1,64,17.069786546364966,29
"(256, 128)",relu,0.01,0.1,128,16.547857025062168,16
"(256, 128)",tanh,0.0001,0.0001,32,16.75035770722937,99
"(256, 128)",tanh,0.0001,0.0001,64,16.402842572096937,141
"(256, 128)",tanh,0.0001,0.0001,128,16.49429124014285,187
"(256, 128)",tanh,0.0001,0.001,32,16.750474388629407,99
"(256, 128)",tanh,0.0001,0.001,64,16.402698683744337,141
"(256, 128)",tanh,0.0001,0.001,128,16.49427641188077,187
"(256, 128)",tanh,0.0001,0.01,32,16.751602798323773,99
"(256, 128)",tanh,0.0001,0.01,64,16.401387126072205,141
"(256, 128)",tanh,0.0001,0.01,128,16.49410901427983,187
"(256, 128)",tanh,0.0001,0.1,32,16.757397630968725,99
"(256, 128)",tanh,0.0001,0.1,64,16.38824848119335,141
"(256, 128)",tanh,0.0001,0.1,128,16.491472500575572,187
"(256, 128)",tanh,0.0005,0.0001,32,16.495241428754397,35
"(256, 128)",tanh,0.0005,0.0001,64,16.693798687260742,60
"(256, 128)",tanh,0.0005,0.0001,128,16.69027859002721,68
"(256, 128)",tanh,0.0005,0.001,32,16.495057588788377,35
"(256, 128)",tanh,0.0005,0.001,64,16.6935178798974,60
"(256, 128)",tanh,0.0005,0.001,128,16.690356179628036,68
"(256, 128)",tanh,0.0005,0.01,32,16.476949387209924,35
"(256, 128)",tanh,0.0005,0.01,64,16.693875774981453,60
"(256, 128)",tanh,0.0005,0.01,128,16.69117725686314,68
"(256, 128)",tanh,0.0005,0.1,32,16.82380842145218,43
"(256, 128)",tanh,0.0005,0.1,64,16.710088492709843,56
"(256, 128)",tanh,0.0005,0.1,128,16.67595782390551,68
"(256, 128)",tanh,0.001,0.0001,32,16.83213546581309,29
"(256, 128)",tanh,0.001,0.0001,64,16.596458116429634,39
"(256, 128)",tanh,0.001,0.0001,128,16.64817871204175,53
"(256, 128)",tanh,0.001,0.001,32,16.826150201699118,29
"(256, 128)",tanh,0.001,0.001,64,16.597386648594526,39
"(256, 128)",tanh,0.001,0.001,128,16.63878127626942,53
"(256, 128)",tanh,0.001,0.01,32,16.887380695302213,29
"(256, 128)",tanh,0.001,0.01,64,16.609104238702866,39
"(256, 128)",tanh,0.001,0.01,128,16.644039756054575,53
"(256, 128)",tanh,0.001,0.1,32,16.503364243721688,35
"(256, 128)",tanh,0.001,0.1,64,16.576918864517616,39
"(256, 128)",tanh,0.001,0.1,128,16.703043147825625,53
"(256, 128)",tanh,0.005,0.0001,32,16.809606278340112,30
"(256, 128)",tanh,0.005,0.0001,64,16.822445911210178,26
"(256, 128)",tanh,0.005,0.0001,128,16.72967850361148,28
"(256, 128)",tanh,0.005,0.001,32,17.129384089617787,29
"(256, 128)",tanh,0.005,0.001,64,17.036979045431266,29
"(256, 128)",tanh,0.005,0.001,128,16.938311637439927,29
"(256, 128)",tanh,0.005,0.01,32,17.149148594707984,31
"(256, 128)",tanh,0.005,0.01,64,17.239409182670038,29
"(256, 128)",tanh,0.005,0.01,128,16.68673040528662,35
"(256, 128)",tanh,0.005,0.1,32,16.46620159429958,21
"(256, 128)",tanh,0.005,0.1,64,16.689940929963594,25
"(256, 128)",tanh,0.005,0.1,128,16.6828340060228,28
"(256, 128)",tanh,0.01,0.0001,32,16.783214178473344,29
"(256, 128)",tanh,0.01,0.0001,64,16.819624191582392,29
"(256, 128)",tanh,0.01,0.0001,128,16.694547801084383,35
"(256, 128)",tanh,0.01,0.001,32,17.277751072103833,28
"(256, 128)",tanh,0.01,0.001,64,17.159201656088435,37
"(256, 128)",tanh,0.01,0.001,128,17.1528509996747,29
"(256, 128)",tanh,0.01,0.01,32,16.751244785437887,26
"(256, 128)",tanh,0.01,0.01,64,16.83357245574419,34
"(256, 128)",tanh,0.01,0.01,128,16.56774229735679,26
"(256, 128)",tanh,0.01,0.1,32,16.50358379424795,26
"(256, 128)",tanh,0.01,0.1,64,16.38747340792748,26
"(256, 128)",tanh,0.01,0.1,128,16.81724344909487,26
"(256, 256)",relu,0.0001,0.0001,32,16.703696127016286,37
"(256, 256)",relu,0.0001,0.0001,64,16.474676067683728,65
"(256, 256)",relu,0.0001,0.0001,128,16.59961511244398,90
"(256, 256)",relu,0.0001,0.001,32,16.70381922424452,37
"(256, 256)",relu,0.0001,0.001,64,16.623877195973893,65
"(256, 256)",relu,0.0001,0.001,128,16.58691890480501,90
"(256, 256)",relu,0.0001,0.01,32,16.708460130752343,37
"(256, 256)",relu,0.0001,0.01,64,16.470377213040006,65
"(256, 256)",relu,0.0001,0.01,128,16.598563690692025,90
"(256, 256)",relu,0.0001,0.1,32,16.70659811999494,37
"(256, 256)",relu,0.0001,0.1,64,16.378405254690964,51
"(256, 256)",relu,0.0001,0.1,128,16.59853095947444,90
"(256, 256)",relu,0.0005,0.0001,32,16.10832949848535,22
"(256, 256)",relu,0.0005,0.0001,64,16.730577513617554,33
"(256, 256)",relu,0.0005,0.0001,128,16.5245513252919,35
"(256, 256)",relu,0.0005,0.001,32,16.114209235863665,22
"(256, 256)",relu,0.0005,0.001,64,17.004210301053398,41
"(256, 256)",relu,0.0005,0.001,128,16.526844805403744,35
"(256, 256)",relu,0.0005,0.01,32,16.116594133457063,22
"(256, 256)",relu,0.0005,0.01,64,16.967888040462192,32
"(256, 256)",relu,0.0005,0.01,128,16.79142683797093,33
"(256, 256)",relu,0.0005,0.1,32,16.102989335716035,22
"(256, 256)",relu,0.0005,0.1,64,16.73132768362384,33
"(256, 256)",relu,0.0005,0.1,128,16.777377891034632,33
"(256, 256)",relu,0.001,0.0001,32,16.501074210736533,19
"(256, 256)",relu,0.001,0.0001,64,16.310221537155027,22
"(256, 256)",relu,0.001,0.0001,128,16.678995635350756,37
"(256, 256)",relu,0.001,0.001,32,16.072006179625905,22
"(256, 256)",relu,0.001,0.001,64,16.293803950124868,22
"(256, 256)",relu,0.001,0.001,128,16.669341438605926,37
"(256, 256)",relu,0.001,0.01,32,16.4989106513658,19
"(256, 256)",relu,0.001,0.01,64,16.280729282313683,22
"(256, 256)",relu,0.001,0.01,128,16.701573608877347,37
"(256, 256)",relu,0.001,0.1,32,16.516828217997087,19
"(256, 256)",relu,0.001,0.1,64,16.300251590578622,22
"(256, 256)",relu,0.001,0.1,128,16.675516066934716,37
"(256, 256)",relu,0.005,0.0001,32,16.695551518053854,27
"(256, 256)",relu,0.005,0.0001,64,16.744883227538907,47
"(256, 256)",relu,0.005,0.0001,128,17.086959741739054,51
"(256, 256)",relu,0.005,0.001,32,16.392923479116913,37
"(256, 256)",relu,0.005,0.001,64,16.95793430510891,19
"(256, 256)",relu,0.005,0.001,128,16.821035733016977,41
"(256, 256)",relu,0.005,0.01,32,16.722624421815404,22
"(256, 256)",relu,0.005,0.01,64,16.794346827498234,47
"(256, 256)",relu,0.005,0.01,128,17.131800466945947,51
"(256, 256)",relu,0.005,0.1,32,16.70804248727785,27
"(256, 256)",relu,0.005,0.1,64,16.56352508502504,47
"(256, 256)",relu,0.005,0.1,128,17.155450576951335,51
"(256, 256)",relu,0.01,0.0001,32,16.43989703681222,22
"(256, 256)",relu,0.01,0.0001,64,16.80083558067642,47
"(256, 256)",relu,0.01,0.0001,128,17.062293786886755,51
"(256, 256)",relu,0.01,0.001,32,16.76755690008475,22
"(256, 256)",relu,0.01,0.001,64,16.772551421023092,47
"(256, 256)",relu,0.01,0.001,128,16.830558214983245,41
"(256, 256)",relu,0.01,0.01,32,16.52949306045143,22
"(256, 256)",relu,0.01,0.01,64,16.524447886886957,33
"(256, 256)",relu,0.01,0.01,128,16.78845917287051,41
"(256, 256)",relu,0.01,0.1,32,16.686514828471978,22
"(256, 256)",relu,0.01,0.1,64,16.77926234193851,47
"(256, 256)",relu,0.01,0.1,128,17.15793111046316,41
"(256, 256)",tanh,0.0001,0.0001,32,16.44486674140687,81
"(256, 256)",tanh,0.0001,0.0001,64,16.49246587964836,112
"(256, 256)",tanh,0.0001,0.0001,128,16.469234346753137,112
"(256, 256)",tanh,0.0001,0.001,32,16.44482425005353,81
"(256, 256)",tanh,0.0001,0.001,64,16.492414555084963,112
"(256, 256)",tanh,0.0001,0.001,128,16.469214366680323,112
"(256, 256)",tanh,0.0001,0.01,32,16.47542816749347,81
"(256, 256)",tanh,0.0001,0.01,64,16.491900574512034,112
"(256, 256)",tanh,0.0001,0.01,128,16.46901493238744,112
"(256, 256)",tanh,0.0001,0.1,32,16.462704100426038,81
"(256, 256)",tanh,0.0001,0.1,64,16.48708365220933,112
"(256, 256)",tanh,0.0001,0.1,128,16.467054746515664,112
"(256, 256)",tanh,0.0005,0.0001,32,16.7744406820132,37
"(256, 256)",tanh,0.0005,0.0001,64,16.638273407890615,37
"(256, 256)",tanh,0.0005,0.0001,128,16.507872499697218,50
"(256, 256)",tanh,0.0005,0.001,32,16.77296858334655,37
"(256, 256)",tanh,0.0005,0.001,64,16.638085654644932,37
"(256, 256)",tanh,0.0005,0.001,128,16.50783822316005,50
"(256, 256)",tanh,0.0005,0.01,32,16.764902402247618,37
"(256, 256)",tanh,0.0005,0.01,64,16.635420881039536,37
"(256, 256)",tanh,0.0005,0.01,128,16.5075129278947,50
"(256, 256)",tanh,0.0005,0.1,32,16.757401525520628,37
"(256, 256)",tanh,0.0005,0.1,64,16.628781368733488,37
"(256, 256)",tanh,0.0005,0.1,128,16.504783506538086,50
"(256, 256)",tanh,0.001,0.0001,32,16.423948341367353,25
"(256, 256)",tanh,0.001,0.0001,64,16.889155960406192,29
"(256, 256)",tanh,0.001,0.0001,128,16.571793328437458,37
"(256, 256)",tanh,0.001,0.001,32,16.427793776077976,25
"(256, 256)",tanh,0.001,0.001,64,16.889258992858473,29
"(256, 256)",tanh,0.001,0.001,128,16.571670691920843,37
"(256, 256)",tanh,0.001,0.01,32,16.422991624388096,25
"(256, 256)",tanh,0.001,0.01,64,16.889079567046714,29
"(256, 256)",tanh,0.001,0.01,128,16.57123658352958,37
"(256, 256)",tanh,0.001,0.1,32,16.454035489877167,25
"(256, 256)",tanh,0.001,0.1,64,16.85424405094663,29
"(256, 256)",tanh,0.001,0.1,128,16.570602810398814,37
"(256, 256)",tanh,0.005,0.0001,32,16.635606319879344,26
"(256, 256)",tanh,0.005,0.0001,64,16.352453459748457,22
"(256, 256)",tanh,0.005,0.0001,128,16.47587452061235,22
"(256, 256)",tanh,0.005,0.001,32,16.85305574893836,29
"(256, 256)",tanh,0.005,0.001,64,17.191320759804068,37
"(256, 256)",tanh,0.005,0.001,128,16.202089063300022,22
"(256, 256)",tanh,0.005,0.01,32,16.662017778120727,37
"(256, 256)",tanh,0.005,0.01,64,16.85578343437645,29
"(256, 256)",tanh,0.005,0.01,128,16.737974727426455,22
"(256, 256)",tanh,0.005,0.1,32,16.665121198198243,19
"(256, 256)",tanh,0.005,0.1,64,16.35515443231817,22
"(256, 256)",tanh,0.005,0.1,128,16.658407745861297,26
"(256, 256)",tanh,0.01,0.0001,32,16.67222031498717,28
"(256, 256)",tanh,0.01,0.0001,64,16.7486133776417,33
"(256, 256)",tanh,0.01,0.0001,128,16.5093213923484,24
"(256, 256)",tanh,0.01,0.001,32,16.539632464053575,19
"(256, 256)",tanh,0.01,0.001,64,16.736159706792403,29
"(256, 256)",tanh,0.01,0.001,128,16.22286728987169,18
"(256, 256)",tanh,0.01,0.01,32,17.04816136836162,25
"(256, 256)",tanh,0.01,0.01,64,16.674781572908536,25
"(256, 256)",tanh,0.01,0.01,128,16.634220538343804,26
"(256, 256)",tanh,0.01,0.1,32,16.903428244862585,25
"(256, 256)",tanh,0.01,0.1,64,16.456911690893307,25
"(256, 256)",tanh,0.01,0.1,128,16.996351516248172,19
