Date,Time,Day of Week,Month,Time of Day,Wait Time
12/06/14,00:00:00,Saturday,12,0,66.0
12/06/14,07:30:00,Saturday,12,450,6.0
12/06/14,08:00:00,Saturday,12,480,6.0
12/06/14,08:30:00,Saturday,12,510,6.0
12/06/14,09:00:00,Saturday,12,540,12.0
12/06/14,09:30:00,Saturday,12,570,10.0
12/06/14,10:00:00,Saturday,12,600,29.0
12/06/14,10:30:00,Saturday,12,630,7.0
12/06/14,11:00:00,Saturday,12,660,7.0
12/06/14,11:30:00,Saturday,12,690,43.0
12/06/14,12:00:00,Saturday,12,720,43.0
12/06/14,12:30:00,Saturday,12,750,75.0
12/06/14,13:00:00,Saturday,12,780,75.0
12/06/14,13:30:00,Saturday,12,810,73.0
12/06/14,14:00:00,Saturday,12,840,8.0
12/06/14,14:30:00,Saturday,12,870,8.0
12/06/14,15:00:00,Saturday,12,900,60.0
12/06/14,15:30:00,Saturday,12,930,76.0
12/06/14,16:00:00,Saturday,12,960,76.0
12/06/14,16:30:00,Saturday,12,990,70.0
12/06/14,17:00:00,Saturday,12,1020,72.0
12/06/14,17:30:00,Saturday,12,1050,72.0
12/06/14,18:00:00,Saturday,12,1080,81.0
12/06/14,18:30:00,Saturday,12,1110,12.0
12/06/14,19:00:00,Saturday,12,1140,12.0
12/06/14,19:30:00,Saturday,12,1170,12.0
12/06/14,20:00:00,Saturday,12,1200,12.0
12/06/14,20:30:00,Saturday,12,1230,23.0
12/06/14,21:00:00,Saturday,12,1260,23.0
12/06/14,21:30:00,Saturday,12,1290,12.0
12/06/14,22:00:00,Saturday,12,1320,12.0
12/06/14,22:30:00,Saturday,12,1350,37.0
12/06/14,23:00:00,Saturday,12,1380,37.0
12/06/14,23:30:00,Saturday,12,1410,57.0
12/07/14,00:00:00,Sunday,12,0,57.0
12/07/14,08:30:00,Sunday,12,510,9.0
12/07/14,09:00:00,Sunday,12,540,9.0
12/07/14,09:30:00,Sunday,12,570,13.0
12/07/14,10:00:00,Sunday,12,600,23.0
12/07/14,10:30:00,Sunday,12,630,23.0
12/07/14,11:00:00,Sunday,12,660,40.0
12/07/14,11:30:00,Sunday,12,690,49.0
12/07/14,12:00:00,Sunday,12,720,37.0
12/07/14,12:30:00,Sunday,12,750,46.0
12/07/14,13:00:00,Sunday,12,780,46.0
12/07/14,13:30:00,Sunday,12,810,23.0
12/07/14,14:00:00,Sunday,12,840,23.0
12/07/14,14:30:00,Sunday,12,870,34.0
12/07/14,15:00:00,Sunday,12,900,50.0
12/07/14,15:30:00,Sunday,12,930,32.0
12/07/14,16:00:00,Sunday,12,960,32.0
12/07/14,16:30:00,Sunday,12,990,35.0
12/07/14,17:00:00,Sunday,12,1020,35.0
12/07/14,18:30:00,Sunday,12,1110,88.0
12/07/14,19:00:00,Sunday,12,1140,38.0
12/07/14,19:30:00,Sunday,12,1170,51.0
12/07/14,20:00:00,Sunday,12,1200,12.0
12/07/14,20:30:00,Sunday,12,1230,33.0
12/07/14,21:00:00,Sunday,12,1260,48.0
12/07/14,21:30:00,Sunday,12,1290,40.0
12/07/14,22:00:00,Sunday,12,1320,37.0
12/07/14,22:30:00,Sunday,12,1350,37.0
12/08/14,00:00:00,Monday,12,0,11.0
12/08/14,09:30:00,Monday,12,570,12.0
12/08/14,10:00:00,Monday,12,600,6.0
12/08/14,10:30:00,Monday,12,630,9.0
12/08/14,11:00:00,Monday,12,660,12.0
12/08/14,11:30:00,Monday,12,690,19.0
12/08/14,12:00:00,Monday,12,720,19.0
12/08/14,12:30:00,Monday,12,750,19.0
12/08/14,13:00:00,Monday,12,780,26.0
12/08/14,13:30:00,Monday,12,810,36.0
12/08/14,14:00:00,Monday,12,840,19.0
12/08/14,14:30:00,Monday,12,870,16.0
12/08/14,15:00:00,Monday,12,900,16.0
12/08/14,15:30:00,Monday,12,930,32.0
12/08/14,16:00:00,Monday,12,960,11.0
12/08/14,16:30:00,Monday,12,990,11.0
12/08/14,17:00:00,Monday,12,1020,6.0
12/08/14,17:30:00,Monday,12,1050,17.0
12/08/14,18:00:00,Monday,12,1080,13.0
12/08/14,18:30:00,Monday,12,1110,11.0
12/08/14,19:00:00,Monday,12,1140,11.0
12/08/14,20:00:00,Monday,12,1200,11.0
12/08/14,20:30:00,Monday,12,1230,18.0
12/08/14,21:00:00,Monday,12,1260,18.0
12/08/14,21:30:00,Monday,12,1290,36.0
12/08/14,22:00:00,Monday,12,1320,23.0
12/09/14,08:30:00,Tuesday,12,510,8.0
12/09/14,09:00:00,Tuesday,12,540,9.0
12/09/14,09:30:00,Tuesday,12,570,6.0
12/09/14,10:00:00,Tuesday,12,600,9.0
12/09/14,10:30:00,Tuesday,12,630,9.0
12/09/14,11:00:00,Tuesday,12,660,17.0
12/09/14,11:30:00,Tuesday,12,690,17.0
12/09/14,12:00:00,Tuesday,12,720,5.0
12/09/14,12:30:00,Tuesday,12,750,17.0
12/09/14,13:00:00,Tuesday,12,780,19.0
12/09/14,13:30:00,Tuesday,12,810,14.0
12/09/14,14:00:00,Tuesday,12,840,11.0
12/09/14,14:30:00,Tuesday,12,870,20.0
12/09/14,15:00:00,Tuesday,12,900,28.0
12/09/14,15:30:00,Tuesday,12,930,21.0
12/09/14,16:00:00,Tuesday,12,960,8.0
12/09/14,16:30:00,Tuesday,12,990,32.0
12/09/14,17:00:00,Tuesday,12,1020,19.0
12/09/14,17:30:00,Tuesday,12,1050,19.0
12/09/14,18:00:00,Tuesday,12,1080,22.0
12/09/14,19:30:00,Tuesday,12,1170,22.0
12/09/14,20:00:00,Tuesday,12,1200,22.0
12/09/14,21:00:00,Tuesday,12,1260,22.0
12/09/14,21:30:00,Tuesday,12,1290,17.0
12/09/14,22:00:00,Tuesday,12,1320,14.0
12/10/14,09:30:00,Wednesday,12,570,6.0
12/10/14,10:00:00,Wednesday,12,600,6.0
12/10/14,10:30:00,Wednesday,12,630,15.0
12/10/14,11:00:00,Wednesday,12,660,9.0
12/10/14,11:30:00,Wednesday,12,690,18.0
12/10/14,12:00:00,Wednesday,12,720,25.0
12/10/14,12:30:00,Wednesday,12,750,25.0
12/10/14,13:00:00,Wednesday,12,780,25.0
12/10/14,13:30:00,Wednesday,12,810,31.0
12/10/14,14:00:00,Wednesday,12,840,7.0
12/10/14,14:30:00,Wednesday,12,870,28.0
12/10/14,15:00:00,Wednesday,12,900,21.0
12/10/14,16:00:00,Wednesday,12,960,36.0
12/10/14,16:30:00,Wednesday,12,990,40.0
12/10/14,17:00:00,Wednesday,12,1020,42.0
12/10/14,17:30:00,Wednesday,12,1050,31.0
12/10/14,18:00:00,Wednesday,12,1080,13.0
12/10/14,18:30:00,Wednesday,12,1110,30.0
12/10/14,19:00:00,Wednesday,12,1140,32.0
12/10/14,19:30:00,Wednesday,12,1170,32.0
12/10/14,20:00:00,Wednesday,12,1200,32.0
12/10/14,20:30:00,Wednesday,12,1230,48.0
12/10/14,21:00:00,Wednesday,12,1260,8.0
12/10/14,21:30:00,Wednesday,12,1290,28.0
12/10/14,22:00:00,Wednesday,12,1320,12.0
12/11/14,08:30:00,Thursday,12,510,4.0
12/11/14,09:00:00,Thursday,12,540,16.0
12/11/14,09:30:00,Thursday,12,570,16.0
12/11/14,10:00:00,Thursday,12,600,9.0
12/11/14,10:30:00,Thursday,12,630,11.0
12/11/14,11:00:00,Thursday,12,660,11.0
12/11/14,11:30:00,Thursday,12,690,31.0
12/11/14,12:00:00,Thursday,12,720,38.0
12/11/14,12:30:00,Thursday,12,750,31.0
12/11/14,13:00:00,Thursday,12,780,14.0
12/11/14,13:30:00,Thursday,12,810,22.0
12/11/14,14:00:00,Thursday,12,840,22.0
12/11/14,14:30:00,Thursday,12,870,28.0
12/11/14,15:30:00,Thursday,12,930,34.0
12/11/14,16:00:00,Thursday,12,960,34.0
12/11/14,16:30:00,Thursday,12,990,33.0
12/11/14,17:00:00,Thursday,12,1020,38.0
12/11/14,17:30:00,Thursday,12,1050,38.0
12/11/14,18:00:00,Thursday,12,1080,20.0
12/11/14,18:30:00,Thursday,12,1110,19.0
12/11/14,19:00:00,Thursday,12,1140,37.0
12/11/14,19:30:00,Thursday,12,1170,45.0
12/11/14,20:00:00,Thursday,12,1200,23.0
12/11/14,20:30:00,Thursday,12,1230,23.0
12/11/14,21:00:00,Thursday,12,1260,23.0
12/11/14,21:30:00,Thursday,12,1290,57.0
12/11/14,22:00:00,Thursday,12,1320,9.0
12/11/14,22:30:00,Thursday,12,1350,40.0
12/11/14,23:00:00,Thursday,12,1380,18.0
12/12/14,09:30:00,Friday,12,570,6.0
12/12/14,10:00:00,Friday,12,600,6.0
12/12/14,10:30:00,Friday,12,630,13.0
12/12/14,11:00:00,Friday,12,660,13.0
12/12/14,11:30:00,Friday,12,690,10.0
12/12/14,12:00:00,Friday,12,720,19.0
12/12/14,12:30:00,Friday,12,750,27.0
12/12/14,13:00:00,Friday,12,780,21.0
12/12/14,13:30:00,Friday,12,810,22.0
12/12/14,14:00:00,Friday,12,840,34.0
12/12/14,14:30:00,Friday,12,870,22.0
12/12/14,15:00:00,Friday,12,900,31.0
12/12/14,15:30:00,Friday,12,930,33.0
12/12/14,16:00:00,Friday,12,960,8.0
12/12/14,16:30:00,Friday,12,990,8.0
12/12/14,17:00:00,Friday,12,1020,23.0
12/12/14,17:30:00,Friday,12,1050,32.0
12/12/14,18:00:00,Friday,12,1080,32.0
12/12/14,18:30:00,Friday,12,1110,10.0
12/12/14,19:00:00,Friday,12,1140,10.0
12/12/14,19:30:00,Friday,12,1170,37.0
12/12/14,20:00:00,Friday,12,1200,27.0
12/12/14,20:30:00,Friday,12,1230,38.0
12/12/14,21:00:00,Friday,12,1260,34.0
12/12/14,21:30:00,Friday,12,1290,33.0
12/12/14,22:30:00,Friday,12,1350,47.0
12/12/14,23:00:00,Friday,12,1380,39.0
12/12/14,23:30:00,Friday,12,1410,38.0
12/13/14,00:00:00,Saturday,12,0,37.0
12/13/14,07:30:00,Saturday,12,450,10.0
12/13/14,08:00:00,Saturday,12,480,4.0
12/13/14,08:30:00,Saturday,12,510,4.0
12/13/14,09:00:00,Saturday,12,540,8.0
12/13/14,09:30:00,Saturday,12,570,7.0
12/13/14,10:00:00,Saturday,12,600,27.0
12/13/14,10:30:00,Saturday,12,630,27.0
12/13/14,11:00:00,Saturday,12,660,27.0
12/13/14,11:30:00,Saturday,12,690,6.0
12/13/14,12:00:00,Saturday,12,720,6.0
12/13/14,12:30:00,Saturday,12,750,6.0
12/13/14,13:00:00,Saturday,12,780,6.0
12/13/14,13:30:00,Saturday,12,810,6.0
12/13/14,14:00:00,Saturday,12,840,81.0
12/13/14,15:00:00,Saturday,12,900,11.0
12/13/14,15:30:00,Saturday,12,930,11.0
12/13/14,16:00:00,Saturday,12,960,11.0
12/13/14,16:30:00,Saturday,12,990,73.0
12/13/14,17:00:00,Saturday,12,1020,93.0
12/13/14,17:30:00,Saturday,12,1050,110.0
12/13/14,18:00:00,Saturday,12,1080,110.0
12/13/14,18:30:00,Saturday,12,1110,82.0
12/13/14,19:00:00,Saturday,12,1140,78.0
12/13/14,19:30:00,Saturday,12,1170,78.0
12/13/14,20:00:00,Saturday,12,1200,12.0
12/13/14,20:30:00,Saturday,12,1230,12.0
12/13/14,21:30:00,Saturday,12,1290,31.0
12/13/14,22:00:00,Saturday,12,1320,31.0
12/13/14,22:30:00,Saturday,12,1350,45.0
12/13/14,23:00:00,Saturday,12,1380,65.0
12/13/14,23:30:00,Saturday,12,1410,65.0
12/14/14,00:00:00,Sunday,12,0,65.0
12/14/14,08:30:00,Sunday,12,510,8.0
12/14/14,09:00:00,Sunday,12,540,8.0
12/14/14,09:30:00,Sunday,12,570,10.0
12/14/14,10:00:00,Sunday,12,600,25.0
12/14/14,10:30:00,Sunday,12,630,25.0
12/14/14,11:00:00,Sunday,12,660,19.0
12/14/14,11:30:00,Sunday,12,690,19.0
12/14/14,12:00:00,Sunday,12,720,19.0
12/14/14,12:30:00,Sunday,12,750,52.0
12/14/14,13:00:00,Sunday,12,780,53.0
12/14/14,13:30:00,Sunday,12,810,53.0
12/14/14,14:00:00,Sunday,12,840,9.0
12/14/14,14:30:00,Sunday,12,870,9.0
12/14/14,15:00:00,Sunday,12,900,55.0
12/14/14,15:30:00,Sunday,12,930,58.0
12/14/14,16:00:00,Sunday,12,960,47.0
12/14/14,16:30:00,Sunday,12,990,11.0
12/14/14,17:00:00,Sunday,12,1020,11.0
12/14/14,17:30:00,Sunday,12,1050,11.0
12/14/14,18:00:00,Sunday,12,1080,77.0
12/14/14,18:30:00,Sunday,12,1110,77.0
12/14/14,19:00:00,Sunday,12,1140,87.0
12/14/14,19:30:00,Sunday,12,1170,87.0
12/14/14,20:00:00,Sunday,12,1200,35.0
12/14/14,20:30:00,Sunday,12,1230,63.0
12/14/14,21:00:00,Sunday,12,1260,63.0
12/14/14,21:30:00,Sunday,12,1290,36.0
12/14/14,22:00:00,Sunday,12,1320,36.0
12/14/14,22:30:00,Sunday,12,1350,36.0
12/14/14,23:00:00,Sunday,12,1380,22.0
12/15/14,08:30:00,Monday,12,510,5.0
12/15/14,09:00:00,Monday,12,540,5.0
12/15/14,09:30:00,Monday,12,570,8.0
12/15/14,10:00:00,Monday,12,600,17.0
12/15/14,10:30:00,Monday,12,630,10.0
12/15/14,11:00:00,Monday,12,660,10.0
12/15/14,11:30:00,Monday,12,690,31.0
12/15/14,12:00:00,Monday,12,720,26.0
12/15/14,12:30:00,Monday,12,750,41.0
12/15/14,13:00:00,Monday,12,780,53.0
12/15/14,13:30:00,Monday,12,810,53.0
12/15/14,14:00:00,Monday,12,840,31.0
12/15/14,14:30:00,Monday,12,870,31.0
12/15/14,15:00:00,Monday,12,900,56.0
12/15/14,15:30:00,Monday,12,930,31.0
12/15/14,16:00:00,Monday,12,960,36.0
12/15/14,16:30:00,Monday,12,990,36.0
12/15/14,17:00:00,Monday,12,1020,62.0
12/15/14,17:30:00,Monday,12,1050,64.0
12/15/14,18:00:00,Monday,12,1080,68.0
12/15/14,18:30:00,Monday,12,1110,35.0
12/15/14,19:00:00,Monday,12,1140,34.0
12/15/14,19:30:00,Monday,12,1170,46.0
12/15/14,20:00:00,Monday,12,1200,46.0
12/15/14,20:30:00,Monday,12,1230,68.0
12/15/14,21:00:00,Monday,12,1260,51.0
12/15/14,21:30:00,Monday,12,1290,39.0
12/15/14,22:00:00,Monday,12,1320,39.0
12/15/14,22:30:00,Monday,12,1350,39.0
12/15/14,23:00:00,Monday,12,1380,39.0
12/15/14,23:30:00,Monday,12,1410,37.0
12/16/14,00:00:00,Tuesday,12,0,42.0
12/16/14,07:30:00,Tuesday,12,450,9.0
12/16/14,08:00:00,Tuesday,12,480,4.0
12/16/14,08:30:00,Tuesday,12,510,5.0
12/16/14,09:00:00,Tuesday,12,540,4.0
12/16/14,09:30:00,Tuesday,12,570,7.0
12/16/14,10:00:00,Tuesday,12,600,9.0
12/16/14,10:30:00,Tuesday,12,630,12.0
12/16/14,11:00:00,Tuesday,12,660,16.0
12/16/14,11:30:00,Tuesday,12,690,18.0
12/16/14,12:00:00,Tuesday,12,720,27.0
12/16/14,12:30:00,Tuesday,12,750,27.0
12/16/14,13:00:00,Tuesday,12,780,40.0
12/16/14,13:30:00,Tuesday,12,810,49.0
12/16/14,14:00:00,Tuesday,12,840,27.0
12/16/14,14:30:00,Tuesday,12,870,24.0
12/16/14,15:00:00,Tuesday,12,900,36.0
12/16/14,15:30:00,Tuesday,12,930,43.0
12/16/14,16:00:00,Tuesday,12,960,34.0
12/16/14,16:30:00,Tuesday,12,990,35.0
12/16/14,17:00:00,Tuesday,12,1020,33.0
12/16/14,17:30:00,Tuesday,12,1050,30.0
12/16/14,18:00:00,Tuesday,12,1080,40.0
12/16/14,18:30:00,Tuesday,12,1110,40.0
12/16/14,19:30:00,Tuesday,12,1170,48.0
12/16/14,20:00:00,Tuesday,12,1200,10.0
12/16/14,20:30:00,Tuesday,12,1230,31.0
12/16/14,21:00:00,Tuesday,12,1260,31.0
12/16/14,21:30:00,Tuesday,12,1290,27.0
12/16/14,22:00:00,Tuesday,12,1320,17.0
12/16/14,22:30:00,Tuesday,12,1350,18.0
12/16/14,23:00:00,Tuesday,12,1380,20.0
12/16/14,23:30:00,Tuesday,12,1410,20.0
12/17/14,00:00:00,Wednesday,12,0,12.0
12/17/14,08:30:00,Wednesday,12,510,6.0
12/17/14,09:00:00,Wednesday,12,540,6.0
12/17/14,09:30:00,Wednesday,12,570,4.0
12/17/14,10:00:00,Wednesday,12,600,7.0
12/17/14,10:30:00,Wednesday,12,630,12.0
12/17/14,11:00:00,Wednesday,12,660,17.0
12/17/14,11:30:00,Wednesday,12,690,22.0
12/17/14,12:00:00,Wednesday,12,720,26.0
12/17/14,12:30:00,Wednesday,12,750,37.0
12/17/14,13:00:00,Wednesday,12,780,36.0
12/17/14,13:30:00,Wednesday,12,810,49.0
12/17/14,14:00:00,Wednesday,12,840,30.0
12/17/14,14:30:00,Wednesday,12,870,37.0
12/17/14,15:00:00,Wednesday,12,900,39.0
12/17/14,15:30:00,Wednesday,12,930,41.0
12/17/14,16:00:00,Wednesday,12,960,41.0
12/17/14,16:30:00,Wednesday,12,990,56.0
12/17/14,17:00:00,Wednesday,12,1020,58.0
12/17/14,17:30:00,Wednesday,12,1050,43.0
12/17/14,18:00:00,Wednesday,12,1080,30.0
12/17/14,18:30:00,Wednesday,12,1110,29.0
12/17/14,19:00:00,Wednesday,12,1140,32.0
12/17/14,19:30:00,Wednesday,12,1170,44.0
12/17/14,20:00:00,Wednesday,12,1200,45.0
12/17/14,20:30:00,Wednesday,12,1230,49.0
12/17/14,21:00:00,Wednesday,12,1260,7.0
12/17/14,21:30:00,Wednesday,12,1290,7.0
12/17/14,22:00:00,Wednesday,12,1320,11.0
12/17/14,23:00:00,Wednesday,12,1380,11.0
12/17/14,23:30:00,Wednesday,12,1410,11.0
12/18/14,00:00:00,Thursday,12,0,11.0
12/18/14,07:30:00,Thursday,12,450,5.0
12/18/14,08:00:00,Thursday,12,480,4.0
12/18/14,08:30:00,Thursday,12,510,5.0
12/18/14,09:00:00,Thursday,12,540,5.0
12/18/14,09:30:00,Thursday,12,570,6.0
12/18/14,10:00:00,Thursday,12,600,8.0
12/18/14,10:30:00,Thursday,12,630,18.0
12/18/14,11:00:00,Thursday,12,660,32.0
12/18/14,11:30:00,Thursday,12,690,23.0
12/18/14,12:00:00,Thursday,12,720,33.0
12/18/14,12:30:00,Thursday,12,750,39.0
12/18/14,13:00:00,Thursday,12,780,42.0
12/18/14,13:30:00,Thursday,12,810,34.0
12/18/14,14:00:00,Thursday,12,840,33.0
12/18/14,14:30:00,Thursday,12,870,34.0
12/18/14,15:00:00,Thursday,12,900,40.0
12/18/14,15:30:00,Thursday,12,930,34.0
12/18/14,16:00:00,Thursday,12,960,41.0
12/18/14,16:30:00,Thursday,12,990,31.0
12/18/14,17:00:00,Thursday,12,1020,36.0
12/18/14,17:30:00,Thursday,12,1050,55.0
12/18/14,18:00:00,Thursday,12,1080,67.0
12/18/14,18:30:00,Thursday,12,1110,41.0
12/18/14,19:00:00,Thursday,12,1140,41.0
12/18/14,19:30:00,Thursday,12,1170,41.0
12/18/14,20:00:00,Thursday,12,1200,41.0
12/18/14,20:30:00,Thursday,12,1230,48.0
12/18/14,21:00:00,Thursday,12,1260,42.0
12/18/14,21:30:00,Thursday,12,1290,42.0
12/18/14,22:00:00,Thursday,12,1320,21.0
12/18/14,22:30:00,Thursday,12,1350,37.0
12/18/14,23:00:00,Thursday,12,1380,36.0
12/18/14,23:30:00,Thursday,12,1410,36.0
12/19/14,00:00:00,Friday,12,0,44.0
12/19/14,08:30:00,Friday,12,510,11.0
12/19/14,09:00:00,Friday,12,540,7.0
12/19/14,09:30:00,Friday,12,570,7.0
12/19/14,10:00:00,Friday,12,600,7.0
12/19/14,10:30:00,Friday,12,630,26.0
12/19/14,11:00:00,Friday,12,660,41.0
12/19/14,11:30:00,Friday,12,690,49.0
12/19/14,12:00:00,Friday,12,720,53.0
12/19/14,12:30:00,Friday,12,750,45.0
12/19/14,13:00:00,Friday,12,780,48.0
12/19/14,13:30:00,Friday,12,810,34.0
12/19/14,14:00:00,Friday,12,840,8.0
12/19/14,14:30:00,Friday,12,870,42.0
12/19/14,15:00:00,Friday,12,900,40.0
12/19/14,15:30:00,Friday,12,930,34.0
12/19/14,16:30:00,Friday,12,990,34.0
12/19/14,17:00:00,Friday,12,1020,39.0
12/19/14,17:30:00,Friday,12,1050,52.0
12/19/14,18:00:00,Friday,12,1080,50.0
12/19/14,18:30:00,Friday,12,1110,34.0
12/19/14,19:00:00,Friday,12,1140,41.0
12/19/14,20:30:00,Friday,12,1230,10.0
12/19/14,21:00:00,Friday,12,1260,10.0
12/19/14,21:30:00,Friday,12,1290,46.0
12/19/14,22:00:00,Friday,12,1320,46.0
12/19/14,22:30:00,Friday,12,1350,62.0
12/19/14,23:00:00,Friday,12,1380,62.0
12/20/14,07:30:00,Saturday,12,450,5.0
12/20/14,08:00:00,Saturday,12,480,28.0
12/20/14,08:30:00,Saturday,12,510,13.0
12/20/14,09:00:00,Saturday,12,540,31.0
12/20/14,09:30:00,Saturday,12,570,31.0
12/20/14,10:00:00,Saturday,12,600,46.0
12/20/14,10:30:00,Saturday,12,630,9.0
12/20/14,11:00:00,Saturday,12,660,9.0
12/20/14,11:30:00,Saturday,12,690,9.0
12/20/14,12:00:00,Saturday,12,720,62.0
12/20/14,12:30:00,Saturday,12,750,62.0
12/20/14,13:00:00,Saturday,12,780,65.0
12/20/14,13:30:00,Saturday,12,810,9.0
12/20/14,14:00:00,Saturday,12,840,78.0
12/20/14,14:30:00,Saturday,12,870,65.0
12/20/14,15:30:00,Saturday,12,930,79.0
12/20/14,16:00:00,Saturday,12,960,9.0
12/20/14,16:30:00,Saturday,12,990,13.0
12/20/14,17:00:00,Saturday,12,1020,13.0
12/20/14,17:30:00,Saturday,12,1050,13.0
12/20/14,18:30:00,Saturday,12,1110,107.0
12/20/14,19:00:00,Saturday,12,1140,107.0
12/20/14,19:30:00,Saturday,12,1170,107.0
12/20/14,20:00:00,Saturday,12,1200,107.0
12/20/14,20:30:00,Saturday,12,1230,107.0
12/20/14,21:00:00,Saturday,12,1260,121.0
12/20/14,21:30:00,Saturday,12,1290,121.0
12/20/14,22:00:00,Saturday,12,1320,85.0
12/20/14,22:30:00,Saturday,12,1350,85.0
12/20/14,23:00:00,Saturday,12,1380,85.0
12/20/14,23:30:00,Saturday,12,1410,38.0
12/21/14,00:00:00,Sunday,12,0,38.0
12/21/14,07:30:00,Sunday,12,450,5.0
12/21/14,08:00:00,Sunday,12,480,5.0
12/21/14,08:30:00,Sunday,12,510,16.0
12/21/14,09:00:00,Sunday,12,540,16.0
12/21/14,09:30:00,Sunday,12,570,14.0
12/21/14,10:00:00,Sunday,12,600,14.0
12/21/14,10:30:00,Sunday,12,630,55.0
12/21/14,11:00:00,Sunday,12,660,6.0
12/21/14,11:30:00,Sunday,12,690,6.0
12/21/14,12:00:00,Sunday,12,720,52.0
12/21/14,12:30:00,Sunday,12,750,61.0
12/21/14,13:00:00,Sunday,12,780,64.0
12/21/14,13:30:00,Sunday,12,810,10.0
12/21/14,14:00:00,Sunday,12,840,48.0
12/21/14,14:30:00,Sunday,12,870,55.0
12/21/14,15:00:00,Sunday,12,900,54.0
12/21/14,15:30:00,Sunday,12,930,42.0
12/21/14,16:00:00,Sunday,12,960,37.0
12/21/14,16:30:00,Sunday,12,990,9.0
12/21/14,17:00:00,Sunday,12,1020,9.0
12/21/14,17:30:00,Sunday,12,1050,64.0
12/21/14,19:30:00,Sunday,12,1170,18.0
12/21/14,20:00:00,Sunday,12,1200,18.0
12/21/14,20:30:00,Sunday,12,1230,18.0
12/21/14,21:00:00,Sunday,12,1260,18.0
12/21/14,21:30:00,Sunday,12,1290,33.0
12/21/14,22:00:00,Sunday,12,1320,33.0
12/21/14,22:30:00,Sunday,12,1350,34.0
12/21/14,23:00:00,Sunday,12,1380,30.0
12/21/14,23:30:00,Sunday,12,1410,30.0
12/22/14,00:00:00,Monday,12,0,13.0
12/22/14,07:30:00,Monday,12,450,8.0
12/22/14,08:00:00,Monday,12,480,7.0
12/22/14,08:30:00,Monday,12,510,16.0
12/22/14,09:00:00,Monday,12,540,37.0
12/22/14,09:30:00,Monday,12,570,31.0
12/22/14,10:00:00,Monday,12,600,42.0
12/22/14,10:30:00,Monday,12,630,36.0
12/22/14,11:00:00,Monday,12,660,45.0
12/22/14,11:30:00,Monday,12,690,47.0
12/22/14,12:00:00,Monday,12,720,48.0
12/22/14,12:30:00,Monday,12,750,48.0
12/22/14,13:00:00,Monday,12,780,75.0
12/22/14,13:30:00,Monday,12,810,70.0
12/22/14,14:00:00,Monday,12,840,70.0
12/22/14,14:30:00,Monday,12,870,70.0
12/22/14,15:00:00,Monday,12,900,78.0
12/22/14,15:30:00,Monday,12,930,79.0
12/22/14,16:00:00,Monday,12,960,72.0
12/22/14,16:30:00,Monday,12,990,72.0
12/22/14,17:00:00,Monday,12,1020,78.0
12/22/14,17:30:00,Monday,12,1050,79.0
12/22/14,18:00:00,Monday,12,1080,85.0
12/22/14,18:30:00,Monday,12,1110,69.0
12/22/14,19:00:00,Monday,12,1140,69.0
12/22/14,19:30:00,Monday,12,1170,71.0
12/22/14,20:00:00,Monday,12,1200,89.0
12/22/14,20:30:00,Monday,12,1230,93.0
12/22/14,21:00:00,Monday,12,1260,43.0
12/22/14,21:30:00,Monday,12,1290,65.0
12/22/14,22:00:00,Monday,12,1320,65.0
12/22/14,22:30:00,Monday,12,1350,65.0
12/22/14,23:00:00,Monday,12,1380,51.0
12/22/14,23:30:00,Monday,12,1410,31.0
12/23/14,00:00:00,Tuesday,12,0,33.0
12/23/14,07:30:00,Tuesday,12,450,12.0
12/23/14,08:00:00,Tuesday,12,480,25.0
12/23/14,08:30:00,Tuesday,12,510,27.0
12/23/14,09:00:00,Tuesday,12,540,32.0
12/23/14,09:30:00,Tuesday,12,570,22.0
12/23/14,10:00:00,Tuesday,12,600,45.0
12/23/14,10:30:00,Tuesday,12,630,56.0
12/23/14,11:00:00,Tuesday,12,660,50.0
12/23/14,11:30:00,Tuesday,12,690,42.0
12/23/14,12:00:00,Tuesday,12,720,46.0
12/23/14,12:30:00,Tuesday,12,750,46.0
12/23/14,13:00:00,Tuesday,12,780,58.0
12/23/14,13:30:00,Tuesday,12,810,60.0
12/23/14,14:00:00,Tuesday,12,840,51.0
12/23/14,14:30:00,Tuesday,12,870,37.0
12/23/14,15:00:00,Tuesday,12,900,49.0
12/23/14,15:30:00,Tuesday,12,930,49.0
12/23/14,16:00:00,Tuesday,12,960,37.0
12/23/14,16:30:00,Tuesday,12,990,55.0
12/23/14,17:00:00,Tuesday,12,1020,91.0
12/23/14,17:30:00,Tuesday,12,1050,84.0
12/23/14,18:00:00,Tuesday,12,1080,45.0
12/23/14,18:30:00,Tuesday,12,1110,60.0
12/23/14,19:00:00,Tuesday,12,1140,53.0
12/23/14,19:30:00,Tuesday,12,1170,50.0
12/23/14,20:00:00,Tuesday,12,1200,13.0
12/23/14,20:30:00,Tuesday,12,1230,13.0
12/23/14,21:00:00,Tuesday,12,1260,46.0
12/23/14,21:30:00,Tuesday,12,1290,26.0
12/23/14,22:00:00,Tuesday,12,1320,21.0
12/23/14,22:30:00,Tuesday,12,1350,42.0
12/23/14,23:00:00,Tuesday,12,1380,51.0
12/23/14,23:30:00,Tuesday,12,1410,51.0
12/24/14,00:00:00,Wednesday,12,0,23.0
12/24/14,08:30:00,Wednesday,12,510,15.0
12/24/14,09:00:00,Wednesday,12,540,14.0
12/24/14,10:00:00,Wednesday,12,600,8.0
12/24/14,10:30:00,Wednesday,12,630,8.0
12/24/14,11:00:00,Wednesday,12,660,38.0
12/24/14,11:30:00,Wednesday,12,690,40.0
12/24/14,12:00:00,Wednesday,12,720,54.0
12/24/14,12:30:00,Wednesday,12,750,44.0
12/24/14,13:00:00,Wednesday,12,780,44.0
12/24/14,13:30:00,Wednesday,12,810,43.0
12/24/14,14:00:00,Wednesday,12,840,54.0
12/24/14,14:30:00,Wednesday,12,870,59.0
12/24/14,15:00:00,Wednesday,12,900,85.0
12/24/14,15:30:00,Wednesday,12,930,68.0
12/24/14,16:00:00,Wednesday,12,960,42.0
12/24/14,16:30:00,Wednesday,12,990,57.0
12/24/14,17:00:00,Wednesday,12,1020,57.0
12/24/14,17:30:00,Wednesday,12,1050,70.0
12/24/14,18:00:00,Wednesday,12,1080,70.0
12/24/14,18:30:00,Wednesday,12,1110,28.0
12/24/14,19:00:00,Wednesday,12,1140,28.0
12/24/14,19:30:00,Wednesday,12,1170,62.0
12/24/14,20:00:00,Wednesday,12,1200,68.0
12/24/14,20:30:00,Wednesday,12,1230,68.0
12/24/14,21:00:00,Wednesday,12,1260,68.0
12/24/14,21:30:00,Wednesday,12,1290,46.0
12/24/14,22:00:00,Wednesday,12,1320,23.0
12/24/14,22:30:00,Wednesday,12,1350,20.0
12/24/14,23:00:00,Wednesday,12,1380,40.0
12/25/14,07:30:00,Thursday,12,450,7.0
12/25/14,08:00:00,Thursday,12,480,15.0
12/25/14,08:30:00,Thursday,12,510,21.0
12/25/14,09:00:00,Thursday,12,540,23.0
12/25/14,09:30:00,Thursday,12,570,32.0
12/25/14,10:00:00,Thursday,12,600,32.0
12/25/14,10:30:00,Thursday,12,630,34.0
12/25/14,11:00:00,Thursday,12,660,62.0
12/25/14,11:30:00,Thursday,12,690,68.0
12/25/14,12:00:00,Thursday,12,720,57.0
12/25/14,12:30:00,Thursday,12,750,73.0
12/25/14,13:00:00,Thursday,12,780,85.0
12/25/14,13:30:00,Thursday,12,810,86.0
12/25/14,14:00:00,Thursday,12,840,86.0
12/25/14,14:30:00,Thursday,12,870,86.0
12/25/14,15:00:00,Thursday,12,900,86.0
12/25/14,15:30:00,Thursday,12,930,62.0
12/25/14,16:00:00,Thursday,12,960,29.0
12/25/14,16:30:00,Thursday,12,990,29.0
12/25/14,17:00:00,Thursday,12,1020,79.0
12/25/14,17:30:00,Thursday,12,1050,63.0
12/25/14,18:00:00,Thursday,12,1080,52.0
12/25/14,18:30:00,Thursday,12,1110,58.0
12/25/14,19:00:00,Thursday,12,1140,58.0
12/25/14,19:30:00,Thursday,12,1170,83.0
12/25/14,20:00:00,Thursday,12,1200,83.0
12/25/14,20:30:00,Thursday,12,1230,83.0
12/25/14,21:00:00,Thursday,12,1260,83.0
12/25/14,21:30:00,Thursday,12,1290,83.0
12/25/14,22:30:00,Thursday,12,1350,45.0
12/25/14,23:00:00,Thursday,12,1380,45.0
12/25/14,23:30:00,Thursday,12,1410,39.0
12/26/14,00:00:00,Friday,12,0,39.0
12/26/14,08:00:00,Friday,12,480,7.0
12/26/14,08:30:00,Friday,12,510,13.0
12/26/14,09:00:00,Friday,12,540,18.0
12/26/14,09:30:00,Friday,12,570,24.0
12/26/14,10:30:00,Friday,12,630,51.0
12/26/14,11:00:00,Friday,12,660,64.0
12/26/14,11:30:00,Friday,12,690,64.0
12/26/14,12:00:00,Friday,12,720,82.0
12/26/14,12:30:00,Friday,12,750,91.0
12/26/14,13:00:00,Friday,12,780,99.0
12/26/14,13:30:00,Friday,12,810,99.0
12/26/14,14:00:00,Friday,12,840,96.0
12/26/14,14:30:00,Friday,12,870,94.0
12/26/14,15:00:00,Friday,12,900,94.0
12/26/14,16:00:00,Friday,12,960,82.0
12/26/14,16:30:00,Friday,12,990,115.0
12/26/14,17:30:00,Friday,12,1050,10.0
12/26/14,18:00:00,Friday,12,1080,10.0
12/26/14,18:30:00,Friday,12,1110,10.0
12/26/14,19:00:00,Friday,12,1140,84.0
12/26/14,20:00:00,Friday,12,1200,84.0
12/26/14,20:30:00,Friday,12,1230,84.0
12/26/14,21:00:00,Friday,12,1260,84.0
12/26/14,21:30:00,Friday,12,1290,68.0
12/26/14,22:00:00,Friday,12,1320,85.0
12/26/14,22:30:00,Friday,12,1350,11.0
12/26/14,23:00:00,Friday,12,1380,11.0
12/26/14,23:30:00,Friday,12,1410,56.0
12/27/14,00:00:00,Saturday,12,0,62.0
12/27/14,07:30:00,Saturday,12,450,6.0
12/27/14,08:00:00,Saturday,12,480,23.0
12/27/14,08:30:00,Saturday,12,510,29.0
12/27/14,09:00:00,Saturday,12,540,34.0
12/27/14,09:30:00,Saturday,12,570,34.0
12/27/14,10:00:00,Saturday,12,600,18.0
12/27/14,10:30:00,Saturday,12,630,9.0
12/27/14,11:00:00,Saturday,12,660,9.0
12/27/14,11:30:00,Saturday,12,690,9.0
12/27/14,12:00:00,Saturday,12,720,9.0
12/27/14,12:30:00,Saturday,12,750,9.0
12/27/14,13:00:00,Saturday,12,780,9.0
12/27/14,13:30:00,Saturday,12,810,99.0
12/27/14,14:00:00,Saturday,12,840,104.0
12/27/14,14:30:00,Saturday,12,870,104.0
12/27/14,15:00:00,Saturday,12,900,99.0
12/27/14,15:30:00,Saturday,12,930,99.0
12/27/14,16:00:00,Saturday,12,960,112.0
12/27/14,16:30:00,Saturday,12,990,108.0
12/27/14,17:00:00,Saturday,12,1020,110.0
12/27/14,17:30:00,Saturday,12,1050,130.0
12/27/14,18:00:00,Saturday,12,1080,118.0
12/27/14,18:30:00,Saturday,12,1110,117.0
12/27/14,19:00:00,Saturday,12,1140,119.0
12/27/14,19:30:00,Saturday,12,1170,125.0
12/27/14,20:00:00,Saturday,12,1200,136.0
12/27/14,20:30:00,Saturday,12,1230,140.0
12/27/14,21:00:00,Saturday,12,1260,13.0
12/27/14,21:30:00,Saturday,12,1290,13.0
12/27/14,22:00:00,Saturday,12,1320,30.0
12/27/14,22:30:00,Saturday,12,1350,30.0
12/27/14,23:00:00,Saturday,12,1380,30.0
12/27/14,23:30:00,Saturday,12,1410,30.0
12/28/14,00:00:00,Sunday,12,0,37.0
12/28/14,08:00:00,Sunday,12,480,12.0
12/28/14,08:30:00,Sunday,12,510,12.0
12/28/14,09:30:00,Sunday,12,570,17.0
12/28/14,10:00:00,Sunday,12,600,17.0
12/28/14,10:30:00,Sunday,12,630,55.0
12/28/14,11:00:00,Sunday,12,660,73.0
12/28/14,11:30:00,Sunday,12,690,10.0
12/28/14,12:00:00,Sunday,12,720,10.0
12/28/14,12:30:00,Sunday,12,750,10.0
12/28/14,13:00:00,Sunday,12,780,10.0
12/28/14,13:30:00,Sunday,12,810,82.0
12/28/14,14:00:00,Sunday,12,840,113.0
12/28/14,14:30:00,Sunday,12,870,96.0
12/28/14,15:00:00,Sunday,12,900,68.0
12/28/14,15:30:00,Sunday,12,930,72.0
12/28/14,16:00:00,Sunday,12,960,84.0
12/28/14,16:30:00,Sunday,12,990,84.0
12/28/14,17:30:00,Sunday,12,1050,84.0
12/28/14,18:00:00,Sunday,12,1080,84.0
12/28/14,18:30:00,Sunday,12,1110,84.0
12/28/14,19:00:00,Sunday,12,1140,70.0
12/28/14,19:30:00,Sunday,12,1170,40.0
12/28/14,20:00:00,Sunday,12,1200,40.0
12/28/14,20:30:00,Sunday,12,1230,113.0
12/28/14,21:00:00,Sunday,12,1260,108.0
12/28/14,21:30:00,Sunday,12,1290,70.0
12/28/14,22:00:00,Sunday,12,1320,70.0
12/28/14,22:30:00,Sunday,12,1350,70.0
12/28/14,23:00:00,Sunday,12,1380,71.0
12/28/14,23:30:00,Sunday,12,1410,81.0
12/29/14,00:00:00,Monday,12,0,28.0
12/29/14,10:00:00,Monday,12,600,41.0
12/29/14,10:30:00,Monday,12,630,41.0
12/29/14,11:00:00,Monday,12,660,8.0
12/29/14,11:30:00,Monday,12,690,8.0
12/29/14,12:00:00,Monday,12,720,15.0
12/29/14,12:30:00,Monday,12,750,15.0
12/29/14,13:00:00,Monday,12,780,15.0
12/29/14,13:30:00,Monday,12,810,15.0
12/29/14,14:00:00,Monday,12,840,87.0
12/29/14,14:30:00,Monday,12,870,78.0
12/29/14,15:00:00,Monday,12,900,79.0
12/29/14,15:30:00,Monday,12,930,80.0
12/29/14,16:00:00,Monday,12,960,79.0
12/29/14,16:30:00,Monday,12,990,101.0
12/29/14,17:00:00,Monday,12,1020,101.0
12/29/14,17:30:00,Monday,12,1050,118.0
12/29/14,19:00:00,Monday,12,1140,101.0
12/29/14,19:30:00,Monday,12,1170,101.0
12/29/14,20:00:00,Monday,12,1200,64.0
12/29/14,20:30:00,Monday,12,1230,85.0
12/29/14,21:00:00,Monday,12,1260,100.0
12/29/14,21:30:00,Monday,12,1290,84.0
12/29/14,22:00:00,Monday,12,1320,118.0
12/29/14,23:00:00,Monday,12,1380,134.0
12/29/14,23:30:00,Monday,12,1410,134.0
12/30/14,00:00:00,Tuesday,12,0,134.0
12/30/14,07:30:00,Tuesday,12,450,11.0
12/30/14,08:00:00,Tuesday,12,480,26.0
12/30/14,08:30:00,Tuesday,12,510,34.0
12/30/14,09:00:00,Tuesday,12,540,17.0
12/30/14,09:30:00,Tuesday,12,570,25.0
12/30/14,10:00:00,Tuesday,12,600,25.0
12/30/14,10:30:00,Tuesday,12,630,25.0
12/30/14,11:00:00,Tuesday,12,660,25.0
12/30/14,11:30:00,Tuesday,12,690,25.0
12/30/14,12:00:00,Tuesday,12,720,25.0
12/30/14,13:00:00,Tuesday,12,780,25.0
12/30/14,13:30:00,Tuesday,12,810,25.0
12/30/14,14:00:00,Tuesday,12,840,25.0
12/30/14,14:30:00,Tuesday,12,870,25.0
12/30/14,15:00:00,Tuesday,12,900,25.0
12/30/14,15:30:00,Tuesday,12,930,25.0
12/30/14,16:00:00,Tuesday,12,960,25.0
12/30/14,16:30:00,Tuesday,12,990,25.0
12/30/14,17:00:00,Tuesday,12,1020,101.0
12/30/14,17:30:00,Tuesday,12,1050,102.0
12/30/14,18:00:00,Tuesday,12,1080,101.0
12/30/14,18:30:00,Tuesday,12,1110,108.0
12/30/14,19:00:00,Tuesday,12,1140,116.0
12/30/14,19:30:00,Tuesday,12,1170,111.0
12/30/14,20:00:00,Tuesday,12,1200,111.0
12/30/14,20:30:00,Tuesday,12,1230,126.0
12/30/14,21:00:00,Tuesday,12,1260,126.0
12/30/14,21:30:00,Tuesday,12,1290,126.0
12/30/14,22:00:00,Tuesday,12,1320,35.0
12/30/14,22:30:00,Tuesday,12,1350,34.0
12/30/14,23:00:00,Tuesday,12,1380,13.0
12/30/14,23:30:00,Tuesday,12,1410,13.0
12/31/14,00:00:00,Wednesday,12,0,13.0
12/31/14,08:30:00,Wednesday,12,510,13.0
12/31/14,09:00:00,Wednesday,12,540,19.0
12/31/14,09:30:00,Wednesday,12,570,19.0
12/31/14,10:00:00,Wednesday,12,600,37.0
12/31/14,10:30:00,Wednesday,12,630,37.0
12/31/14,11:00:00,Wednesday,12,660,10.0
12/31/14,11:30:00,Wednesday,12,690,10.0
12/31/14,12:00:00,Wednesday,12,720,10.0
12/31/14,12:30:00,Wednesday,12,750,10.0
12/31/14,13:00:00,Wednesday,12,780,10.0
12/31/14,14:00:00,Wednesday,12,840,10.0
12/31/14,15:00:00,Wednesday,12,900,121.0
12/31/14,15:30:00,Wednesday,12,930,125.0
12/31/14,16:00:00,Wednesday,12,960,130.0
12/31/14,16:30:00,Wednesday,12,990,125.0
12/31/14,17:00:00,Wednesday,12,1020,125.0
12/31/14,17:30:00,Wednesday,12,1050,105.0
12/31/14,18:00:00,Wednesday,12,1080,105.0
12/31/14,18:30:00,Wednesday,12,1110,54.0
12/31/14,19:00:00,Wednesday,12,1140,54.0
12/31/14,19:30:00,Wednesday,12,1170,76.0
12/31/14,20:00:00,Wednesday,12,1200,76.0
12/31/14,20:30:00,Wednesday,12,1230,67.0
12/31/14,21:00:00,Wednesday,12,1260,69.0
12/31/14,21:30:00,Wednesday,12,1290,56.0
12/31/14,22:00:00,Wednesday,12,1320,56.0
12/31/14,22:30:00,Wednesday,12,1350,56.0
12/31/14,23:00:00,Wednesday,12,1380,53.0
12/31/14,23:30:00,Wednesday,12,1410,80.0
01/01/15,00:00:00,Thursday,1,0,52.0
01/01/15,00:30:00,Thursday,1,30,52.0
01/01/15,01:00:00,Thursday,1,60,52.0
01/01/15,01:30:00,Thursday,1,90,52.0
01/01/15,02:00:00,Thursday,1,120,52.0
01/01/15,08:30:00,Thursday,1,510,8.0
01/01/15,09:00:00,Thursday,1,540,14.0
01/01/15,09:30:00,Thursday,1,570,21.0
01/01/15,10:00:00,Thursday,1,600,21.0
01/01/15,10:30:00,Thursday,1,630,46.0
01/01/15,11:00:00,Thursday,1,660,46.0
01/01/15,11:30:00,Thursday,1,690,61.0
01/01/15,12:00:00,Thursday,1,720,58.0
01/01/15,12:30:00,Thursday,1,750,64.0
01/01/15,13:00:00,Thursday,1,780,55.0
01/01/15,13:30:00,Thursday,1,810,57.0
01/01/15,14:00:00,Thursday,1,840,55.0
01/01/15,14:30:00,Thursday,1,870,55.0
01/01/15,15:00:00,Thursday,1,900,75.0
01/01/15,15:30:00,Thursday,1,930,88.0
01/01/15,16:00:00,Thursday,1,960,88.0
01/01/15,16:30:00,Thursday,1,990,96.0
01/01/15,17:00:00,Thursday,1,1020,17.0
01/01/15,17:30:00,Thursday,1,1050,22.0
01/01/15,18:00:00,Thursday,1,1080,77.0
01/01/15,19:00:00,Thursday,1,1140,92.0
01/01/15,19:30:00,Thursday,1,1170,19.0
01/01/15,20:00:00,Thursday,1,1200,19.0
01/01/15,20:30:00,Thursday,1,1230,19.0
01/01/15,21:00:00,Thursday,1,1260,76.0
01/01/15,21:30:00,Thursday,1,1290,66.0
01/01/15,22:00:00,Thursday,1,1320,36.0
01/01/15,22:30:00,Thursday,1,1350,35.0
01/01/15,23:00:00,Thursday,1,1380,35.0
01/01/15,23:30:00,Thursday,1,1410,80.0
01/02/15,00:00:00,Friday,1,0,80.0
01/02/15,07:30:00,Friday,1,450,10.0
01/02/15,08:00:00,Friday,1,480,10.0
01/02/15,09:00:00,Friday,1,540,15.0
01/02/15,09:30:00,Friday,1,570,30.0
01/02/15,10:00:00,Friday,1,600,31.0
01/02/15,10:30:00,Friday,1,630,43.0
01/02/15,11:00:00,Friday,1,660,6.0
01/02/15,11:30:00,Friday,1,690,6.0
01/02/15,12:00:00,Friday,1,720,46.0
01/02/15,12:30:00,Friday,1,750,53.0
01/02/15,13:00:00,Friday,1,780,53.0
01/02/15,13:30:00,Friday,1,810,83.0
01/02/15,14:00:00,Friday,1,840,84.0
01/02/15,14:30:00,Friday,1,870,84.0
01/02/15,15:00:00,Friday,1,900,84.0
01/02/15,15:30:00,Friday,1,930,90.0
01/02/15,16:00:00,Friday,1,960,83.0
01/02/15,16:30:00,Friday,1,990,99.0
01/02/15,17:00:00,Friday,1,1020,84.0
01/02/15,17:30:00,Friday,1,1050,10.0
01/02/15,18:00:00,Friday,1,1080,10.0
01/02/15,18:30:00,Friday,1,1110,10.0
01/02/15,19:00:00,Friday,1,1140,82.0
01/02/15,19:30:00,Friday,1,1170,82.0
01/02/15,20:00:00,Friday,1,1200,5.0
01/02/15,20:30:00,Friday,1,1230,5.0
01/02/15,21:00:00,Friday,1,1260,5.0
01/02/15,21:30:00,Friday,1,1290,5.0
01/02/15,22:00:00,Friday,1,1320,78.0
01/02/15,22:30:00,Friday,1,1350,78.0
01/02/15,23:00:00,Friday,1,1380,78.0
01/02/15,23:30:00,Friday,1,1410,78.0
01/03/15,00:00:00,Saturday,1,0,46.0
01/03/15,07:30:00,Saturday,1,450,10.0
01/03/15,08:00:00,Saturday,1,480,10.0
01/03/15,08:30:00,Saturday,1,510,15.0
01/03/15,09:00:00,Saturday,1,540,15.0
01/03/15,09:30:00,Saturday,1,570,21.0
01/03/15,10:00:00,Saturday,1,600,21.0
01/03/15,10:30:00,Saturday,1,630,21.0
01/03/15,11:00:00,Saturday,1,660,21.0
01/03/15,11:30:00,Saturday,1,690,57.0
01/03/15,12:00:00,Saturday,1,720,63.0
01/03/15,12:30:00,Saturday,1,750,63.0
01/03/15,13:00:00,Saturday,1,780,63.0
01/03/15,13:30:00,Saturday,1,810,63.0
01/03/15,14:00:00,Saturday,1,840,63.0
01/03/15,14:30:00,Saturday,1,870,91.0
01/03/15,15:00:00,Saturday,1,900,77.0
01/03/15,15:30:00,Saturday,1,930,96.0
01/03/15,16:00:00,Saturday,1,960,96.0
01/03/15,16:30:00,Saturday,1,990,96.0
01/03/15,17:00:00,Saturday,1,1020,78.0
01/03/15,17:30:00,Saturday,1,1050,78.0
01/03/15,18:00:00,Saturday,1,1080,78.0
01/03/15,18:30:00,Saturday,1,1110,9.0
01/03/15,19:00:00,Saturday,1,1140,9.0
01/03/15,19:30:00,Saturday,1,1170,9.0
01/03/15,20:00:00,Saturday,1,1200,15.0
01/03/15,20:30:00,Saturday,1,1230,15.0
01/03/15,21:00:00,Saturday,1,1260,15.0
01/03/15,21:30:00,Saturday,1,1290,15.0
01/03/15,22:00:00,Saturday,1,1320,79.0
01/03/15,22:30:00,Saturday,1,1350,67.0
01/03/15,23:00:00,Saturday,1,1380,67.0
01/03/15,23:30:00,Saturday,1,1410,67.0
01/04/15,00:00:00,Sunday,1,0,13.0
01/04/15,08:00:00,Sunday,1,480,4.0
01/04/15,08:30:00,Sunday,1,510,10.0
01/04/15,09:00:00,Sunday,1,540,6.0
01/04/15,09:30:00,Sunday,1,570,15.0
01/04/15,10:00:00,Sunday,1,600,15.0
01/04/15,10:30:00,Sunday,1,630,30.0
01/04/15,11:00:00,Sunday,1,660,12.0
01/04/15,11:30:00,Sunday,1,690,12.0
01/04/15,12:00:00,Sunday,1,720,46.0
01/04/15,12:30:00,Sunday,1,750,43.0
01/04/15,13:00:00,Sunday,1,780,19.0
01/04/15,13:30:00,Sunday,1,810,19.0
01/04/15,14:00:00,Sunday,1,840,19.0
01/04/15,14:30:00,Sunday,1,870,61.0
01/04/15,15:00:00,Sunday,1,900,46.0
01/04/15,15:30:00,Sunday,1,930,43.0
01/04/15,16:00:00,Sunday,1,960,43.0
01/04/15,16:30:00,Sunday,1,990,55.0
01/04/15,17:00:00,Sunday,1,1020,56.0
01/04/15,17:30:00,Sunday,1,1050,56.0
01/04/15,18:00:00,Sunday,1,1080,51.0
01/04/15,18:30:00,Sunday,1,1110,51.0
01/04/15,19:00:00,Sunday,1,1140,9.0
01/04/15,19:30:00,Sunday,1,1170,8.0
01/04/15,20:00:00,Sunday,1,1200,17.0
01/04/15,20:30:00,Sunday,1,1230,31.0
01/04/15,21:00:00,Sunday,1,1260,31.0
01/04/15,21:30:00,Sunday,1,1290,31.0
01/04/15,22:00:00,Sunday,1,1320,16.0
01/04/15,22:30:00,Sunday,1,1350,6.0
01/04/15,23:00:00,Sunday,1,1380,16.0
01/04/15,23:30:00,Sunday,1,1410,12.0
01/05/15,00:00:00,Monday,1,0,12.0
01/05/15,08:30:00,Monday,1,510,10.0
01/05/15,09:00:00,Monday,1,540,10.0
01/05/15,09:30:00,Monday,1,570,18.0
01/05/15,10:00:00,Monday,1,600,8.0
01/05/15,10:30:00,Monday,1,630,42.0
01/05/15,11:00:00,Monday,1,660,48.0
01/05/15,11:30:00,Monday,1,690,56.0
01/05/15,12:00:00,Monday,1,720,53.0
01/05/15,12:30:00,Monday,1,750,41.0
01/05/15,13:00:00,Monday,1,780,44.0
01/05/15,13:30:00,Monday,1,810,24.0
01/05/15,14:00:00,Monday,1,840,24.0
01/05/15,14:30:00,Monday,1,870,41.0
01/05/15,15:00:00,Monday,1,900,43.0
01/05/15,15:30:00,Monday,1,930,47.0
01/05/15,16:00:00,Monday,1,960,53.0
01/05/15,16:30:00,Monday,1,990,60.0
01/05/15,17:00:00,Monday,1,1020,9.0
01/05/15,17:30:00,Monday,1,1050,9.0
01/05/15,18:00:00,Monday,1,1080,9.0
01/05/15,18:30:00,Monday,1,1110,70.0
01/05/15,19:00:00,Monday,1,1140,14.0
01/05/15,19:30:00,Monday,1,1170,14.0
01/05/15,20:00:00,Monday,1,1200,17.0
01/05/15,20:30:00,Monday,1,1230,17.0
01/05/15,21:00:00,Monday,1,1260,17.0
01/05/15,21:30:00,Monday,1,1290,46.0
01/05/15,22:00:00,Monday,1,1320,56.0
01/05/15,22:30:00,Monday,1,1350,61.0
01/05/15,23:00:00,Monday,1,1380,58.0
01/06/15,09:30:00,Tuesday,1,570,22.0
01/06/15,10:00:00,Tuesday,1,600,34.0
01/06/15,10:30:00,Tuesday,1,630,16.0
01/06/15,11:00:00,Tuesday,1,660,24.0
01/06/15,11:30:00,Tuesday,1,690,24.0
01/06/15,12:00:00,Tuesday,1,720,26.0
01/06/15,12:30:00,Tuesday,1,750,39.0
01/06/15,13:00:00,Tuesday,1,780,50.0
01/06/15,13:30:00,Tuesday,1,810,50.0
01/06/15,14:00:00,Tuesday,1,840,30.0
01/06/15,14:30:00,Tuesday,1,870,23.0
01/06/15,15:00:00,Tuesday,1,900,12.0
01/06/15,15:30:00,Tuesday,1,930,12.0
01/06/15,16:00:00,Tuesday,1,960,12.0
01/06/15,16:30:00,Tuesday,1,990,56.0
01/06/15,17:00:00,Tuesday,1,1020,53.0
01/06/15,17:30:00,Tuesday,1,1050,38.0
01/06/15,18:00:00,Tuesday,1,1080,52.0
01/06/15,18:30:00,Tuesday,1,1110,35.0
01/06/15,19:00:00,Tuesday,1,1140,64.0
01/06/15,19:30:00,Tuesday,1,1170,67.0
01/06/15,20:00:00,Tuesday,1,1200,77.0
01/06/15,20:30:00,Tuesday,1,1230,61.0
01/06/15,21:00:00,Tuesday,1,1260,33.0
01/06/15,21:30:00,Tuesday,1,1290,33.0
01/06/15,22:00:00,Tuesday,1,1320,46.0
01/07/15,09:30:00,Wednesday,1,570,15.0
01/07/15,10:00:00,Wednesday,1,600,22.0
01/07/15,10:30:00,Wednesday,1,630,6.0
01/07/15,11:00:00,Wednesday,1,660,23.0
01/07/15,11:30:00,Wednesday,1,690,23.0
01/07/15,12:00:00,Wednesday,1,720,35.0
01/07/15,12:30:00,Wednesday,1,750,27.0
01/07/15,13:00:00,Wednesday,1,780,43.0
01/07/15,13:30:00,Wednesday,1,810,46.0
01/07/15,14:30:00,Wednesday,1,870,53.0
01/07/15,15:00:00,Wednesday,1,900,38.0
01/07/15,15:30:00,Wednesday,1,930,38.0
01/07/15,16:00:00,Wednesday,1,960,48.0
01/07/15,16:30:00,Wednesday,1,990,44.0
01/07/15,17:00:00,Wednesday,1,1020,44.0
01/07/15,17:30:00,Wednesday,1,1050,58.0
01/07/15,18:00:00,Wednesday,1,1080,73.0
01/07/15,18:30:00,Wednesday,1,1110,70.0
01/07/15,19:00:00,Wednesday,1,1140,80.0
01/07/15,19:30:00,Wednesday,1,1170,80.0
01/07/15,20:00:00,Wednesday,1,1200,80.0
01/07/15,20:30:00,Wednesday,1,1230,47.0
01/07/15,21:00:00,Wednesday,1,1260,55.0
01/08/15,08:30:00,Thursday,1,510,10.0
01/08/15,09:00:00,Thursday,1,540,22.0
01/08/15,09:30:00,Thursday,1,570,23.0
01/08/15,10:00:00,Thursday,1,600,15.0
01/08/15,10:30:00,Thursday,1,630,12.0
01/08/15,11:00:00,Thursday,1,660,24.0
01/08/15,11:30:00,Thursday,1,690,31.0
01/08/15,12:00:00,Thursday,1,720,19.0
01/08/15,12:30:00,Thursday,1,750,26.0
01/08/15,13:00:00,Thursday,1,780,32.0
01/08/15,13:30:00,Thursday,1,810,54.0
01/08/15,14:00:00,Thursday,1,840,61.0
01/08/15,14:30:00,Thursday,1,870,27.0
01/08/15,15:00:00,Thursday,1,900,27.0
01/08/15,15:30:00,Thursday,1,930,41.0
01/08/15,16:00:00,Thursday,1,960,44.0
01/08/15,16:30:00,Thursday,1,990,38.0
01/08/15,17:00:00,Thursday,1,1020,34.0
01/08/15,17:30:00,Thursday,1,1050,36.0
01/08/15,18:00:00,Thursday,1,1080,52.0
01/08/15,18:30:00,Thursday,1,1110,52.0
01/08/15,19:30:00,Thursday,1,1170,52.0
01/08/15,20:00:00,Thursday,1,1200,36.0
01/08/15,20:30:00,Thursday,1,1230,14.0
01/08/15,21:00:00,Thursday,1,1260,14.0
01/09/15,09:30:00,Friday,1,570,13.0
01/09/15,10:00:00,Friday,1,600,15.0
01/09/15,10:30:00,Friday,1,630,23.0
01/09/15,11:00:00,Friday,1,660,24.0
01/09/15,11:30:00,Friday,1,690,24.0
01/09/15,12:00:00,Friday,1,720,47.0
01/09/15,12:30:00,Friday,1,750,47.0
01/09/15,13:00:00,Friday,1,780,51.0
01/09/15,13:30:00,Friday,1,810,17.0
01/09/15,14:30:00,Friday,1,870,37.0
01/09/15,15:00:00,Friday,1,900,37.0
01/09/15,15:30:00,Friday,1,930,37.0
01/09/15,16:00:00,Friday,1,960,8.0
01/09/15,16:30:00,Friday,1,990,18.0
01/09/15,17:00:00,Friday,1,1020,24.0
01/09/15,17:30:00,Friday,1,1050,47.0
01/09/15,18:00:00,Friday,1,1080,59.0
01/09/15,18:30:00,Friday,1,1110,51.0
01/09/15,19:00:00,Friday,1,1140,51.0
01/09/15,19:30:00,Friday,1,1170,51.0
01/09/15,20:00:00,Friday,1,1200,55.0
01/09/15,20:30:00,Friday,1,1230,62.0
01/09/15,21:00:00,Friday,1,1260,62.0
01/09/15,21:30:00,Friday,1,1290,51.0
01/09/15,22:00:00,Friday,1,1320,46.0
01/09/15,22:30:00,Friday,1,1350,46.0
01/09/15,23:00:00,Friday,1,1380,46.0
01/10/15,08:30:00,Saturday,1,510,11.0
01/10/15,09:00:00,Saturday,1,540,11.0
01/10/15,09:30:00,Saturday,1,570,14.0
01/10/15,10:00:00,Saturday,1,600,14.0
01/10/15,10:30:00,Saturday,1,630,8.0
01/10/15,11:00:00,Saturday,1,660,8.0
01/10/15,11:30:00,Saturday,1,690,39.0
01/10/15,12:00:00,Saturday,1,720,39.0
01/10/15,12:30:00,Saturday,1,750,39.0
01/10/15,13:00:00,Saturday,1,780,39.0
01/10/15,13:30:00,Saturday,1,810,53.0
01/10/15,14:00:00,Saturday,1,840,36.0
01/10/15,14:30:00,Saturday,1,870,36.0
01/10/15,15:00:00,Saturday,1,900,36.0
01/10/15,15:30:00,Saturday,1,930,34.0
01/10/15,16:00:00,Saturday,1,960,34.0
01/10/15,16:30:00,Saturday,1,990,47.0
01/10/15,17:00:00,Saturday,1,1020,10.0
01/10/15,17:30:00,Saturday,1,1050,10.0
01/10/15,18:00:00,Saturday,1,1080,10.0
01/10/15,18:30:00,Saturday,1,1110,10.0
01/10/15,19:00:00,Saturday,1,1140,10.0
01/10/15,19:30:00,Saturday,1,1170,10.0
01/10/15,20:00:00,Saturday,1,1200,10.0
01/10/15,20:30:00,Saturday,1,1230,9.0
01/10/15,21:00:00,Saturday,1,1260,9.0
01/10/15,21:30:00,Saturday,1,1290,42.0
01/10/15,22:00:00,Saturday,1,1320,42.0
01/10/15,22:30:00,Saturday,1,1350,65.0
01/10/15,23:00:00,Saturday,1,1380,64.0
01/11/15,09:30:00,Sunday,1,570,16.0
01/11/15,10:00:00,Sunday,1,600,9.0
01/11/15,10:30:00,Sunday,1,630,16.0
01/11/15,11:00:00,Sunday,1,660,18.0
01/11/15,11:30:00,Sunday,1,690,30.0
01/11/15,12:00:00,Sunday,1,720,33.0
01/11/15,12:30:00,Sunday,1,750,27.0
01/11/15,13:00:00,Sunday,1,780,28.0
01/11/15,13:30:00,Sunday,1,810,40.0
01/11/15,14:00:00,Sunday,1,840,32.0
01/11/15,14:30:00,Sunday,1,870,18.0
01/11/15,15:00:00,Sunday,1,900,21.0
01/11/15,15:30:00,Sunday,1,930,31.0
01/11/15,16:00:00,Sunday,1,960,34.0
01/11/15,16:30:00,Sunday,1,990,34.0
01/11/15,17:00:00,Sunday,1,1020,29.0
01/11/15,17:30:00,Sunday,1,1050,29.0
01/11/15,18:00:00,Sunday,1,1080,37.0
01/11/15,18:30:00,Sunday,1,1110,37.0
01/11/15,19:00:00,Sunday,1,1140,40.0
01/11/15,19:30:00,Sunday,1,1170,34.0
01/11/15,20:00:00,Sunday,1,1200,34.0
01/11/15,20:30:00,Sunday,1,1230,44.0
01/11/15,21:00:00,Sunday,1,1260,44.0
01/11/15,21:30:00,Sunday,1,1290,44.0
01/11/15,22:00:00,Sunday,1,1320,14.0
01/11/15,22:30:00,Sunday,1,1350,10.0
01/11/15,23:00:00,Sunday,1,1380,20.0
01/12/15,10:30:00,Monday,1,630,13.0
01/12/15,11:00:00,Monday,1,660,14.0
01/12/15,11:30:00,Monday,1,690,13.0
01/12/15,12:00:00,Monday,1,720,26.0
01/12/15,12:30:00,Monday,1,750,46.0
01/12/15,13:00:00,Monday,1,780,46.0
01/12/15,13:30:00,Monday,1,810,46.0
01/12/15,14:00:00,Monday,1,840,32.0
01/12/15,14:30:00,Monday,1,870,41.0
01/12/15,15:00:00,Monday,1,900,41.0
01/12/15,15:30:00,Monday,1,930,34.0
01/12/15,16:00:00,Monday,1,960,34.0
01/12/15,16:30:00,Monday,1,990,37.0
01/12/15,17:00:00,Monday,1,1020,49.0
01/12/15,17:30:00,Monday,1,1050,47.0
01/12/15,18:00:00,Monday,1,1080,11.0
01/12/15,18:30:00,Monday,1,1110,8.0
01/12/15,19:00:00,Monday,1,1140,41.0
01/12/15,19:30:00,Monday,1,1170,41.0
01/12/15,20:00:00,Monday,1,1200,25.0
01/13/15,09:30:00,Tuesday,1,570,15.0
01/13/15,10:00:00,Tuesday,1,600,27.0
01/13/15,10:30:00,Tuesday,1,630,20.0
01/13/15,11:00:00,Tuesday,1,660,12.0
01/13/15,11:30:00,Tuesday,1,690,6.0
01/13/15,12:00:00,Tuesday,1,720,8.0
01/13/15,12:30:00,Tuesday,1,750,32.0
01/13/15,13:00:00,Tuesday,1,780,27.0
01/13/15,13:30:00,Tuesday,1,810,16.0
01/13/15,14:00:00,Tuesday,1,840,28.0
01/13/15,14:30:00,Tuesday,1,870,47.0
01/13/15,15:00:00,Tuesday,1,900,22.0
01/13/15,15:30:00,Tuesday,1,930,35.0
01/13/15,16:00:00,Tuesday,1,960,41.0
01/13/15,16:30:00,Tuesday,1,990,9.0
01/13/15,17:00:00,Tuesday,1,1020,9.0
01/13/15,17:30:00,Tuesday,1,1050,9.0
01/13/15,18:00:00,Tuesday,1,1080,34.0
01/13/15,18:30:00,Tuesday,1,1110,18.0
01/13/15,19:00:00,Tuesday,1,1140,24.0
01/13/15,19:30:00,Tuesday,1,1170,24.0
01/13/15,20:00:00,Tuesday,1,1200,35.0
01/14/15,10:30:00,Wednesday,1,630,9.0
01/14/15,11:00:00,Wednesday,1,660,6.0
01/14/15,11:30:00,Wednesday,1,690,12.0
01/14/15,12:00:00,Wednesday,1,720,25.0
01/14/15,12:30:00,Wednesday,1,750,27.0
01/14/15,13:00:00,Wednesday,1,780,31.0
01/14/15,13:30:00,Wednesday,1,810,31.0
01/14/15,14:00:00,Wednesday,1,840,31.0
01/14/15,14:30:00,Wednesday,1,870,8.0
01/14/15,15:00:00,Wednesday,1,900,8.0
01/14/15,15:30:00,Wednesday,1,930,8.0
01/14/15,16:00:00,Wednesday,1,960,8.0
01/14/15,16:30:00,Wednesday,1,990,26.0
01/14/15,17:00:00,Wednesday,1,1020,38.0
01/14/15,17:30:00,Wednesday,1,1050,38.0
01/14/15,18:00:00,Wednesday,1,1080,38.0
01/14/15,18:30:00,Wednesday,1,1110,45.0
01/14/15,19:00:00,Wednesday,1,1140,45.0
01/14/15,19:30:00,Wednesday,1,1170,45.0
01/14/15,20:00:00,Wednesday,1,1200,27.0
01/15/15,10:30:00,Thursday,1,630,13.0
01/15/15,11:00:00,Thursday,1,660,16.0
01/15/15,11:30:00,Thursday,1,690,7.0
01/15/15,12:00:00,Thursday,1,720,8.0
01/15/15,12:30:00,Thursday,1,750,8.0
01/15/15,13:00:00,Thursday,1,780,50.0
01/15/15,13:30:00,Thursday,1,810,50.0
01/15/15,14:00:00,Thursday,1,840,37.0
01/15/15,14:30:00,Thursday,1,870,48.0
01/15/15,15:00:00,Thursday,1,900,39.0
01/15/15,15:30:00,Thursday,1,930,30.0
01/15/15,16:00:00,Thursday,1,960,35.0
01/15/15,16:30:00,Thursday,1,990,35.0
01/15/15,17:00:00,Thursday,1,1020,35.0
01/15/15,17:30:00,Thursday,1,1050,35.0
01/15/15,18:00:00,Thursday,1,1080,37.0
01/15/15,18:30:00,Thursday,1,1110,38.0
01/15/15,19:00:00,Thursday,1,1140,37.0
01/15/15,19:30:00,Thursday,1,1170,37.0
01/15/15,20:00:00,Thursday,1,1200,21.0
01/16/15,07:30:00,Friday,1,450,10.0
01/16/15,08:00:00,Friday,1,480,4.0
01/16/15,08:30:00,Friday,1,510,4.0
01/16/15,09:00:00,Friday,1,540,6.0
01/16/15,09:30:00,Friday,1,570,8.0
01/16/15,10:00:00,Friday,1,600,8.0
01/16/15,10:30:00,Friday,1,630,24.0
01/16/15,11:00:00,Friday,1,660,22.0
01/16/15,11:30:00,Friday,1,690,27.0
01/16/15,13:30:00,Friday,1,810,8.0
01/16/15,14:00:00,Friday,1,840,8.0
01/16/15,14:30:00,Friday,1,870,53.0
01/16/15,15:00:00,Friday,1,900,21.0
01/16/15,15:30:00,Friday,1,930,6.0
01/16/15,16:00:00,Friday,1,960,26.0
01/16/15,16:30:00,Friday,1,990,26.0
01/16/15,17:00:00,Friday,1,1020,26.0
01/16/15,17:30:00,Friday,1,1050,26.0
01/16/15,18:00:00,Friday,1,1080,64.0
01/16/15,18:30:00,Friday,1,1110,64.0
01/16/15,19:00:00,Friday,1,1140,53.0
01/16/15,19:30:00,Friday,1,1170,61.0
01/16/15,20:00:00,Friday,1,1200,14.0
01/16/15,20:30:00,Friday,1,1230,61.0
01/16/15,21:00:00,Friday,1,1260,61.0
01/16/15,21:30:00,Friday,1,1290,75.0
01/16/15,22:00:00,Friday,1,1320,39.0
01/16/15,22:30:00,Friday,1,1350,42.0
01/16/15,23:00:00,Friday,1,1380,42.0
01/16/15,23:30:00,Friday,1,1410,42.0
01/17/15,00:00:00,Saturday,1,0,50.0
01/17/15,08:30:00,Saturday,1,510,8.0
01/17/15,09:00:00,Saturday,1,540,16.0
01/17/15,09:30:00,Saturday,1,570,7.0
01/17/15,10:00:00,Saturday,1,600,12.0
01/17/15,10:30:00,Saturday,1,630,22.0
01/17/15,11:00:00,Saturday,1,660,24.0
01/17/15,11:30:00,Saturday,1,690,40.0
01/17/15,12:00:00,Saturday,1,720,51.0
01/17/15,12:30:00,Saturday,1,750,57.0
01/17/15,13:00:00,Saturday,1,780,28.0
01/17/15,13:30:00,Saturday,1,810,28.0
01/17/15,14:00:00,Saturday,1,840,44.0
01/17/15,14:30:00,Saturday,1,870,61.0
01/17/15,15:00:00,Saturday,1,900,61.0
01/17/15,15:30:00,Saturday,1,930,8.0
01/17/15,16:00:00,Saturday,1,960,8.0
01/17/15,16:30:00,Saturday,1,990,56.0
01/17/15,17:00:00,Saturday,1,1020,54.0
01/17/15,17:30:00,Saturday,1,1050,55.0
01/17/15,18:00:00,Saturday,1,1080,62.0
01/17/15,18:30:00,Saturday,1,1110,69.0
01/17/15,19:00:00,Saturday,1,1140,61.0
01/17/15,19:30:00,Saturday,1,1170,61.0
01/17/15,20:00:00,Saturday,1,1200,61.0
01/17/15,20:30:00,Saturday,1,1230,61.0
01/17/15,21:00:00,Saturday,1,1260,11.0
01/17/15,21:30:00,Saturday,1,1290,56.0
01/17/15,22:00:00,Saturday,1,1320,56.0
01/17/15,22:30:00,Saturday,1,1350,56.0
01/17/15,23:00:00,Saturday,1,1380,56.0
01/17/15,23:30:00,Saturday,1,1410,56.0
01/18/15,00:00:00,Sunday,1,0,35.0
01/18/15,09:30:00,Sunday,1,570,14.0
01/18/15,10:00:00,Sunday,1,600,16.0
01/18/15,10:30:00,Sunday,1,630,16.0
01/18/15,11:00:00,Sunday,1,660,16.0
01/18/15,11:30:00,Sunday,1,690,16.0
01/18/15,12:00:00,Sunday,1,720,39.0
01/18/15,12:30:00,Sunday,1,750,39.0
01/18/15,13:00:00,Sunday,1,780,14.0
01/18/15,13:30:00,Sunday,1,810,14.0
01/18/15,14:00:00,Sunday,1,840,62.0
01/18/15,14:30:00,Sunday,1,870,57.0
01/18/15,15:00:00,Sunday,1,900,56.0
01/18/15,15:30:00,Sunday,1,930,56.0
01/18/15,16:00:00,Sunday,1,960,89.0
01/18/15,16:30:00,Sunday,1,990,90.0
01/18/15,17:00:00,Sunday,1,1020,56.0
01/18/15,17:30:00,Sunday,1,1050,36.0
01/18/15,18:00:00,Sunday,1,1080,49.0
01/18/15,18:30:00,Sunday,1,1110,58.0
01/18/15,19:00:00,Sunday,1,1140,64.0
01/18/15,19:30:00,Sunday,1,1170,59.0
01/18/15,20:00:00,Sunday,1,1200,6.0
01/18/15,20:30:00,Sunday,1,1230,6.0
01/18/15,21:00:00,Sunday,1,1260,6.0
01/18/15,21:30:00,Sunday,1,1290,6.0
01/18/15,22:00:00,Sunday,1,1320,6.0
01/18/15,22:30:00,Sunday,1,1350,6.0
01/18/15,23:00:00,Sunday,1,1380,50.0
01/18/15,23:30:00,Sunday,1,1410,28.0
01/19/15,00:00:00,Monday,1,0,28.0
01/19/15,08:30:00,Monday,1,510,7.0
01/19/15,09:00:00,Monday,1,540,7.0
01/19/15,09:30:00,Monday,1,570,9.0
01/19/15,10:00:00,Monday,1,600,21.0
01/19/15,10:30:00,Monday,1,630,35.0
01/19/15,11:00:00,Monday,1,660,48.0
01/19/15,11:30:00,Monday,1,690,46.0
01/19/15,12:00:00,Monday,1,720,50.0
01/19/15,12:30:00,Monday,1,750,48.0
01/19/15,13:00:00,Monday,1,780,24.0
01/19/15,13:30:00,Monday,1,810,6.0
01/19/15,14:00:00,Monday,1,840,48.0
01/19/15,14:30:00,Monday,1,870,27.0
01/19/15,15:00:00,Monday,1,900,9.0
01/19/15,15:30:00,Monday,1,930,9.0
01/19/15,16:00:00,Monday,1,960,52.0
01/19/15,16:30:00,Monday,1,990,49.0
01/19/15,17:00:00,Monday,1,1020,37.0
01/19/15,17:30:00,Monday,1,1050,37.0
01/19/15,18:00:00,Monday,1,1080,41.0
01/19/15,18:30:00,Monday,1,1110,23.0
01/19/15,19:00:00,Monday,1,1140,23.0
01/19/15,19:30:00,Monday,1,1170,39.0
01/19/15,20:00:00,Monday,1,1200,45.0
01/19/15,20:30:00,Monday,1,1230,45.0
01/19/15,21:00:00,Monday,1,1260,45.0
01/19/15,21:30:00,Monday,1,1290,8.0
01/19/15,22:00:00,Monday,1,1320,8.0
01/19/15,22:30:00,Monday,1,1350,22.0
01/19/15,23:00:00,Monday,1,1380,22.0
01/20/15,10:30:00,Tuesday,1,630,15.0
01/20/15,11:00:00,Tuesday,1,660,13.0
01/20/15,11:30:00,Tuesday,1,690,15.0
01/20/15,12:00:00,Tuesday,1,720,26.0
01/20/15,12:30:00,Tuesday,1,750,19.0
01/20/15,13:00:00,Tuesday,1,780,19.0
01/20/15,13:30:00,Tuesday,1,810,29.0
01/20/15,14:00:00,Tuesday,1,840,23.0
01/20/15,14:30:00,Tuesday,1,870,23.0
01/20/15,15:00:00,Tuesday,1,900,23.0
01/20/15,15:30:00,Tuesday,1,930,30.0
01/20/15,16:00:00,Tuesday,1,960,33.0
01/20/15,16:30:00,Tuesday,1,990,36.0
01/20/15,17:00:00,Tuesday,1,1020,35.0
01/20/15,17:30:00,Tuesday,1,1050,38.0
01/20/15,18:00:00,Tuesday,1,1080,43.0
01/20/15,18:30:00,Tuesday,1,1110,29.0
01/20/15,19:00:00,Tuesday,1,1140,29.0
01/20/15,20:00:00,Tuesday,1,1200,29.0
01/21/15,10:30:00,Wednesday,1,630,9.0
01/21/15,11:00:00,Wednesday,1,660,9.0
01/21/15,11:30:00,Wednesday,1,690,8.0
01/21/15,12:00:00,Wednesday,1,720,9.0
01/21/15,12:30:00,Wednesday,1,750,19.0
01/21/15,13:00:00,Wednesday,1,780,7.0
01/21/15,13:30:00,Wednesday,1,810,10.0
01/21/15,14:00:00,Wednesday,1,840,16.0
01/21/15,14:30:00,Wednesday,1,870,9.0
01/21/15,15:00:00,Wednesday,1,900,8.0
01/21/15,15:30:00,Wednesday,1,930,19.0
01/21/15,16:00:00,Wednesday,1,960,8.0
01/21/15,16:30:00,Wednesday,1,990,22.0
01/21/15,17:00:00,Wednesday,1,1020,28.0
01/21/15,17:30:00,Wednesday,1,1050,36.0
01/21/15,18:00:00,Wednesday,1,1080,35.0
01/21/15,18:30:00,Wednesday,1,1110,19.0
01/21/15,19:00:00,Wednesday,1,1140,19.0
01/21/15,19:30:00,Wednesday,1,1170,29.0
01/21/15,20:00:00,Wednesday,1,1200,23.0
01/22/15,09:30:00,Thursday,1,570,7.0
01/22/15,10:00:00,Thursday,1,600,6.0
01/22/15,10:30:00,Thursday,1,630,6.0
01/22/15,11:00:00,Thursday,1,660,5.0
01/22/15,11:30:00,Thursday,1,690,5.0
01/22/15,12:00:00,Thursday,1,720,9.0
01/22/15,12:30:00,Thursday,1,750,5.0
01/22/15,13:00:00,Thursday,1,780,6.0
01/22/15,13:30:00,Thursday,1,810,6.0
01/22/15,14:00:00,Thursday,1,840,7.0
01/22/15,14:30:00,Thursday,1,870,7.0
01/22/15,15:00:00,Thursday,1,900,8.0
01/22/15,15:30:00,Thursday,1,930,17.0
01/22/15,16:00:00,Thursday,1,960,18.0
01/22/15,16:30:00,Thursday,1,990,18.0
01/22/15,17:00:00,Thursday,1,1020,18.0
01/22/15,17:30:00,Thursday,1,1050,18.0
01/22/15,18:00:00,Thursday,1,1080,18.0
01/22/15,18:30:00,Thursday,1,1110,26.0
01/22/15,19:00:00,Thursday,1,1140,26.0
01/22/15,19:30:00,Thursday,1,1170,26.0
01/22/15,20:00:00,Thursday,1,1200,51.0
01/22/15,21:00:00,Thursday,1,1260,56.0
01/22/15,21:30:00,Thursday,1,1290,25.0
01/22/15,22:00:00,Thursday,1,1320,25.0
01/22/15,22:30:00,Thursday,1,1350,25.0
01/22/15,23:00:00,Thursday,1,1380,31.0
01/22/15,23:30:00,Thursday,1,1410,31.0
01/23/15,00:00:00,Friday,1,0,14.0
01/23/15,00:30:00,Friday,1,30,14.0
01/23/15,01:00:00,Friday,1,60,14.0
01/23/15,09:30:00,Friday,1,570,9.0
01/23/15,10:00:00,Friday,1,600,9.0
01/23/15,10:30:00,Friday,1,630,9.0
01/23/15,11:00:00,Friday,1,660,15.0
01/23/15,11:30:00,Friday,1,690,22.0
01/23/15,12:00:00,Friday,1,720,17.0
01/23/15,12:30:00,Friday,1,750,7.0
01/23/15,13:00:00,Friday,1,780,37.0
01/23/15,13:30:00,Friday,1,810,18.0
01/23/15,14:00:00,Friday,1,840,18.0
01/23/15,14:30:00,Friday,1,870,34.0
01/23/15,15:00:00,Friday,1,900,19.0
01/23/15,15:30:00,Friday,1,930,23.0
01/23/15,16:00:00,Friday,1,960,23.0
01/23/15,16:30:00,Friday,1,990,14.0
01/23/15,17:00:00,Friday,1,1020,14.0
01/23/15,17:30:00,Friday,1,1050,8.0
01/23/15,18:00:00,Friday,1,1080,19.0
01/23/15,18:30:00,Friday,1,1110,19.0
01/23/15,19:00:00,Friday,1,1140,42.0
01/23/15,19:30:00,Friday,1,1170,42.0
01/23/15,20:00:00,Friday,1,1200,42.0
01/23/15,20:30:00,Friday,1,1230,42.0
01/23/15,21:00:00,Friday,1,1260,42.0
01/23/15,21:30:00,Friday,1,1290,42.0
01/23/15,22:00:00,Friday,1,1320,42.0
01/23/15,22:30:00,Friday,1,1350,36.0
01/23/15,23:00:00,Friday,1,1380,36.0
01/24/15,08:30:00,Saturday,1,510,10.0
01/24/15,09:00:00,Saturday,1,540,6.0
01/24/15,09:30:00,Saturday,1,570,13.0
01/24/15,10:00:00,Saturday,1,600,12.0
01/24/15,10:30:00,Saturday,1,630,10.0
01/24/15,11:00:00,Saturday,1,660,10.0
01/24/15,11:30:00,Saturday,1,690,10.0
01/24/15,12:00:00,Saturday,1,720,10.0
01/24/15,12:30:00,Saturday,1,750,43.0
01/24/15,13:00:00,Saturday,1,780,9.0
01/24/15,13:30:00,Saturday,1,810,22.0
01/24/15,14:00:00,Saturday,1,840,22.0
01/24/15,14:30:00,Saturday,1,870,36.0
01/24/15,15:00:00,Saturday,1,900,36.0
01/24/15,15:30:00,Saturday,1,930,63.0
01/24/15,16:00:00,Saturday,1,960,45.0
01/24/15,16:30:00,Saturday,1,990,45.0
01/24/15,17:00:00,Saturday,1,1020,16.0
01/24/15,17:30:00,Saturday,1,1050,16.0
01/24/15,18:00:00,Saturday,1,1080,77.0
01/24/15,18:30:00,Saturday,1,1110,61.0
01/24/15,19:00:00,Saturday,1,1140,56.0
01/24/15,19:30:00,Saturday,1,1170,39.0
01/24/15,20:00:00,Saturday,1,1200,46.0
01/24/15,20:30:00,Saturday,1,1230,46.0
01/24/15,21:00:00,Saturday,1,1260,11.0
01/24/15,21:30:00,Saturday,1,1290,11.0
01/24/15,22:00:00,Saturday,1,1320,11.0
01/24/15,22:30:00,Saturday,1,1350,11.0
01/24/15,23:00:00,Saturday,1,1380,62.0
01/25/15,09:30:00,Sunday,1,570,7.0
01/25/15,10:00:00,Sunday,1,600,20.0
01/25/15,10:30:00,Sunday,1,630,20.0
01/25/15,11:00:00,Sunday,1,660,15.0
01/25/15,11:30:00,Sunday,1,690,15.0
01/25/15,12:00:00,Sunday,1,720,15.0
01/25/15,12:30:00,Sunday,1,750,38.0
01/25/15,13:00:00,Sunday,1,780,42.0
01/25/15,13:30:00,Sunday,1,810,49.0
01/25/15,14:00:00,Sunday,1,840,57.0
01/25/15,14:30:00,Sunday,1,870,57.0
01/25/15,15:00:00,Sunday,1,900,8.0
01/25/15,15:30:00,Sunday,1,930,8.0
01/25/15,16:00:00,Sunday,1,960,56.0
01/25/15,16:30:00,Sunday,1,990,42.0
01/25/15,17:00:00,Sunday,1,1020,31.0
01/25/15,17:30:00,Sunday,1,1050,44.0
01/25/15,18:00:00,Sunday,1,1080,44.0
01/25/15,18:30:00,Sunday,1,1110,44.0
01/25/15,19:00:00,Sunday,1,1140,52.0
01/25/15,19:30:00,Sunday,1,1170,52.0
01/25/15,20:00:00,Sunday,1,1200,52.0
01/25/15,20:30:00,Sunday,1,1230,52.0
01/25/15,21:00:00,Sunday,1,1260,29.0
01/25/15,21:30:00,Sunday,1,1290,38.0
01/25/15,22:00:00,Sunday,1,1320,23.0
01/25/15,22:30:00,Sunday,1,1350,23.0
01/25/15,23:00:00,Sunday,1,1380,23.0
01/25/15,23:30:00,Sunday,1,1410,19.0
01/26/15,00:00:00,Monday,1,0,7.0
01/26/15,10:30:00,Monday,1,630,11.0
01/26/15,11:00:00,Monday,1,660,15.0
01/26/15,11:30:00,Monday,1,690,8.0
01/26/15,12:00:00,Monday,1,720,16.0
01/26/15,12:30:00,Monday,1,750,16.0
01/26/15,13:00:00,Monday,1,780,21.0
01/26/15,13:30:00,Monday,1,810,21.0
01/26/15,14:00:00,Monday,1,840,38.0
01/26/15,14:30:00,Monday,1,870,40.0
01/26/15,15:00:00,Monday,1,900,35.0
01/26/15,15:30:00,Monday,1,930,26.0
01/26/15,16:00:00,Monday,1,960,33.0
01/26/15,16:30:00,Monday,1,990,19.0
01/26/15,17:00:00,Monday,1,1020,19.0
01/26/15,17:30:00,Monday,1,1050,30.0
01/26/15,18:00:00,Monday,1,1080,43.0
01/26/15,18:30:00,Monday,1,1110,28.0
01/26/15,19:30:00,Monday,1,1170,28.0
01/26/15,20:00:00,Monday,1,1200,26.0
01/27/15,09:30:00,Tuesday,1,570,16.0
01/27/15,10:00:00,Tuesday,1,600,22.0
01/27/15,10:30:00,Tuesday,1,630,12.0
01/27/15,11:00:00,Tuesday,1,660,5.0
01/27/15,11:30:00,Tuesday,1,690,11.0
01/27/15,12:00:00,Tuesday,1,720,11.0
01/27/15,12:30:00,Tuesday,1,750,25.0
01/27/15,13:00:00,Tuesday,1,780,12.0
01/27/15,13:30:00,Tuesday,1,810,12.0
01/27/15,14:00:00,Tuesday,1,840,18.0
01/27/15,14:30:00,Tuesday,1,870,28.0
01/27/15,15:00:00,Tuesday,1,900,28.0
01/27/15,15:30:00,Tuesday,1,930,25.0
01/27/15,16:00:00,Tuesday,1,960,11.0
01/27/15,16:30:00,Tuesday,1,990,12.0
01/27/15,17:00:00,Tuesday,1,1020,16.0
01/27/15,17:30:00,Tuesday,1,1050,28.0
01/27/15,18:00:00,Tuesday,1,1080,40.0
01/27/15,18:30:00,Tuesday,1,1110,39.0
01/27/15,19:00:00,Tuesday,1,1140,39.0
01/27/15,19:30:00,Tuesday,1,1170,23.0
01/27/15,20:00:00,Tuesday,1,1200,21.0
01/31/15,08:00:00,Saturday,1,480,10.0
01/31/15,08:30:00,Saturday,1,510,10.0
01/31/15,09:00:00,Saturday,1,540,10.0
01/31/15,09:30:00,Saturday,1,570,20.0
01/31/15,10:00:00,Saturday,1,600,40.0
01/31/15,10:30:00,Saturday,1,630,40.0
01/31/15,11:00:00,Saturday,1,660,50.0
01/31/15,11:30:00,Saturday,1,690,50.0
01/31/15,12:00:00,Saturday,1,720,50.0
01/31/15,12:30:00,Saturday,1,750,60.0
01/31/15,13:00:00,Saturday,1,780,60.0
01/31/15,13:30:00,Saturday,1,810,60.0
01/31/15,14:00:00,Saturday,1,840,45.0
01/31/15,14:30:00,Saturday,1,870,45.0
01/31/15,15:00:00,Saturday,1,900,45.0
01/31/15,15:30:00,Saturday,1,930,55.0
01/31/15,16:00:00,Saturday,1,960,75.0
01/31/15,16:30:00,Saturday,1,990,45.0
01/31/15,18:30:00,Saturday,1,1110,45.0
01/31/15,19:00:00,Saturday,1,1140,65.0
01/31/15,19:30:00,Saturday,1,1170,80.0
01/31/15,20:00:00,Saturday,1,1200,60.0
01/31/15,20:30:00,Saturday,1,1230,75.0
01/31/15,21:00:00,Saturday,1,1260,85.0
01/31/15,21:30:00,Saturday,1,1290,75.0
01/31/15,22:30:00,Saturday,1,1350,50.0
01/31/15,23:00:00,Saturday,1,1380,50.0
01/31/15,23:30:00,Saturday,1,1410,50.0
02/01/15,00:00:00,Sunday,2,0,40.0
02/01/15,08:30:00,Sunday,2,510,10.0
02/01/15,09:00:00,Sunday,2,540,10.0
02/01/15,09:30:00,Sunday,2,570,10.0
02/01/15,10:00:00,Sunday,2,600,30.0
02/01/15,10:30:00,Sunday,2,630,40.0
02/01/15,11:00:00,Sunday,2,660,50.0
02/01/15,11:30:00,Sunday,2,690,50.0
02/01/15,12:00:00,Sunday,2,720,50.0
02/01/15,12:30:00,Sunday,2,750,35.0
02/01/15,13:00:00,Sunday,2,780,55.0
02/01/15,13:30:00,Sunday,2,810,55.0
02/01/15,14:00:00,Sunday,2,840,45.0
02/01/15,14:30:00,Sunday,2,870,60.0
02/01/15,15:30:00,Sunday,2,930,55.0
02/01/15,16:00:00,Sunday,2,960,55.0
02/01/15,16:30:00,Sunday,2,990,55.0
02/01/15,17:00:00,Sunday,2,1020,65.0
02/01/15,17:30:00,Sunday,2,1050,65.0
02/01/15,18:00:00,Sunday,2,1080,65.0
02/01/15,18:30:00,Sunday,2,1110,45.0
02/01/15,19:00:00,Sunday,2,1140,45.0
02/01/15,19:30:00,Sunday,2,1170,20.0
02/01/15,20:00:00,Sunday,2,1200,20.0
02/01/15,20:30:00,Sunday,2,1230,45.0
02/01/15,23:30:00,Sunday,2,1410,45.0
02/02/15,00:00:00,Monday,2,0,15.0
02/02/15,10:30:00,Monday,2,630,15.0
02/02/15,11:00:00,Monday,2,660,15.0
02/02/15,11:30:00,Monday,2,690,20.0
02/02/15,12:00:00,Monday,2,720,30.0
02/02/15,12:30:00,Monday,2,750,30.0
02/02/15,13:00:00,Monday,2,780,30.0
02/02/15,13:30:00,Monday,2,810,30.0
02/02/15,14:00:00,Monday,2,840,30.0
02/02/15,14:30:00,Monday,2,870,45.0
02/02/15,15:00:00,Monday,2,900,45.0
02/02/15,15:30:00,Monday,2,930,55.0
02/02/15,16:00:00,Monday,2,960,55.0
02/02/15,16:30:00,Monday,2,990,20.0
02/02/15,17:30:00,Monday,2,1050,20.0
02/02/15,18:00:00,Monday,2,1080,45.0
02/02/15,18:30:00,Monday,2,1110,45.0
02/02/15,19:00:00,Monday,2,1140,35.0
02/02/15,19:30:00,Monday,2,1170,35.0
02/02/15,20:00:00,Monday,2,1200,25.0
02/03/15,09:30:00,Tuesday,2,570,20.0
02/03/15,10:00:00,Tuesday,2,600,25.0
02/03/15,10:30:00,Tuesday,2,630,25.0
02/03/15,11:00:00,Tuesday,2,660,25.0
02/03/15,11:30:00,Tuesday,2,690,25.0
02/03/15,12:00:00,Tuesday,2,720,25.0
02/03/15,12:30:00,Tuesday,2,750,25.0
02/03/15,13:00:00,Tuesday,2,780,25.0
02/03/15,13:30:00,Tuesday,2,810,25.0
02/03/15,14:00:00,Tuesday,2,840,30.0
02/03/15,14:30:00,Tuesday,2,870,30.0
02/03/15,15:00:00,Tuesday,2,900,30.0
02/03/15,15:30:00,Tuesday,2,930,30.0
02/03/15,16:00:00,Tuesday,2,960,30.0
02/03/15,16:30:00,Tuesday,2,990,30.0
02/03/15,17:00:00,Tuesday,2,1020,30.0
02/03/15,17:30:00,Tuesday,2,1050,20.0
02/03/15,18:00:00,Tuesday,2,1080,20.0
02/03/15,18:30:00,Tuesday,2,1110,20.0
02/03/15,19:00:00,Tuesday,2,1140,30.0
02/03/15,19:30:00,Tuesday,2,1170,30.0
02/03/15,20:00:00,Tuesday,2,1200,10.0
02/04/15,10:30:00,Wednesday,2,630,10.0
02/04/15,11:00:00,Wednesday,2,660,10.0
02/04/15,11:30:00,Wednesday,2,690,10.0
02/04/15,12:00:00,Wednesday,2,720,10.0
02/04/15,12:30:00,Wednesday,2,750,10.0
02/04/15,14:00:00,Wednesday,2,840,10.0
02/04/15,14:30:00,Wednesday,2,870,25.0
02/04/15,15:00:00,Wednesday,2,900,25.0
02/04/15,15:30:00,Wednesday,2,930,35.0
02/04/15,16:00:00,Wednesday,2,960,35.0
02/04/15,16:30:00,Wednesday,2,990,35.0
02/04/15,17:00:00,Wednesday,2,1020,35.0
02/04/15,17:30:00,Wednesday,2,1050,35.0
02/04/15,18:00:00,Wednesday,2,1080,35.0
02/04/15,18:30:00,Wednesday,2,1110,50.0
02/04/15,19:00:00,Wednesday,2,1140,40.0
02/04/15,19:30:00,Wednesday,2,1170,40.0
02/04/15,20:00:00,Wednesday,2,1200,30.0
02/05/15,09:30:00,Thursday,2,570,10.0
02/05/15,10:00:00,Thursday,2,600,25.0
02/05/15,10:30:00,Thursday,2,630,25.0
02/05/15,11:00:00,Thursday,2,660,30.0
02/05/15,11:30:00,Thursday,2,690,30.0
02/05/15,12:00:00,Thursday,2,720,30.0
02/05/15,12:30:00,Thursday,2,750,30.0
02/05/15,13:00:00,Thursday,2,780,20.0
02/05/15,13:30:00,Thursday,2,810,35.0
02/05/15,14:00:00,Thursday,2,840,35.0
02/05/15,14:30:00,Thursday,2,870,35.0
02/05/15,15:00:00,Thursday,2,900,15.0
02/05/15,15:30:00,Thursday,2,930,35.0
02/05/15,16:00:00,Thursday,2,960,35.0
02/05/15,17:00:00,Thursday,2,1020,30.0
02/05/15,17:30:00,Thursday,2,1050,30.0
02/05/15,18:00:00,Thursday,2,1080,30.0
02/05/15,18:30:00,Thursday,2,1110,30.0
02/05/15,19:00:00,Thursday,2,1140,30.0
02/05/15,19:30:00,Thursday,2,1170,30.0
02/05/15,20:00:00,Thursday,2,1200,15.0
02/06/15,09:30:00,Friday,2,570,10.0
02/06/15,10:30:00,Friday,2,630,25.0
02/06/15,11:00:00,Friday,2,660,35.0
02/06/15,11:30:00,Friday,2,690,35.0
02/06/15,12:00:00,Friday,2,720,40.0
02/06/15,12:30:00,Friday,2,750,40.0
02/06/15,13:00:00,Friday,2,780,35.0
02/06/15,13:30:00,Friday,2,810,45.0
02/06/15,14:00:00,Friday,2,840,35.0
02/06/15,14:30:00,Friday,2,870,40.0
02/06/15,15:00:00,Friday,2,900,30.0
02/06/15,15:30:00,Friday,2,930,40.0
02/06/15,17:00:00,Friday,2,1020,40.0
02/06/15,18:00:00,Friday,2,1080,35.0
02/06/15,18:30:00,Friday,2,1110,45.0
02/06/15,19:00:00,Friday,2,1140,45.0
02/06/15,19:30:00,Friday,2,1170,45.0
02/06/15,20:00:00,Friday,2,1200,35.0
02/06/15,20:30:00,Friday,2,1230,45.0
02/06/15,21:00:00,Friday,2,1260,45.0
02/06/15,21:30:00,Friday,2,1290,45.0
02/06/15,22:00:00,Friday,2,1320,65.0
02/06/15,22:30:00,Friday,2,1350,65.0
02/06/15,23:00:00,Friday,2,1380,45.0
02/06/15,23:30:00,Friday,2,1410,45.0
02/07/15,00:00:00,Saturday,2,0,45.0
02/07/15,07:30:00,Saturday,2,450,10.0
02/07/15,08:00:00,Saturday,2,480,10.0
02/07/15,08:30:00,Saturday,2,510,10.0
02/07/15,09:00:00,Saturday,2,540,20.0
02/07/15,09:30:00,Saturday,2,570,35.0
02/07/15,10:00:00,Saturday,2,600,35.0
02/07/15,10:30:00,Saturday,2,630,45.0
02/07/15,11:00:00,Saturday,2,660,45.0
02/07/15,11:30:00,Saturday,2,690,55.0
02/07/15,12:00:00,Saturday,2,720,55.0
02/07/15,12:30:00,Saturday,2,750,55.0
02/07/15,13:00:00,Saturday,2,780,55.0
02/07/15,13:30:00,Saturday,2,810,55.0
02/07/15,14:00:00,Saturday,2,840,65.0
02/07/15,14:30:00,Saturday,2,870,75.0
02/07/15,15:00:00,Saturday,2,900,75.0
02/07/15,15:30:00,Saturday,2,930,60.0
02/07/15,16:00:00,Saturday,2,960,60.0
02/07/15,16:30:00,Saturday,2,990,65.0
02/07/15,17:00:00,Saturday,2,1020,65.0
02/07/15,17:30:00,Saturday,2,1050,85.0
02/07/15,18:00:00,Saturday,2,1080,60.0
02/07/15,18:30:00,Saturday,2,1110,60.0
02/07/15,19:00:00,Saturday,2,1140,45.0
02/07/15,19:30:00,Saturday,2,1170,60.0
02/07/15,20:00:00,Saturday,2,1200,75.0
02/07/15,20:30:00,Saturday,2,1230,60.0
02/07/15,21:00:00,Saturday,2,1260,50.0
02/07/15,21:30:00,Saturday,2,1290,50.0
02/07/15,22:00:00,Saturday,2,1320,60.0
02/07/15,22:30:00,Saturday,2,1350,60.0
02/07/15,23:00:00,Saturday,2,1380,60.0
02/07/15,23:30:00,Saturday,2,1410,40.0
02/08/15,00:00:00,Sunday,2,0,40.0
02/08/15,08:30:00,Sunday,2,510,10.0
02/08/15,09:00:00,Sunday,2,540,10.0
02/08/15,09:30:00,Sunday,2,570,35.0
02/08/15,10:00:00,Sunday,2,600,35.0
02/08/15,10:30:00,Sunday,2,630,45.0
02/08/15,11:00:00,Sunday,2,660,45.0
02/08/15,11:30:00,Sunday,2,690,50.0
02/08/15,12:00:00,Sunday,2,720,50.0
02/08/15,13:30:00,Sunday,2,810,40.0
02/08/15,14:00:00,Sunday,2,840,60.0
02/08/15,14:30:00,Sunday,2,870,75.0
02/08/15,15:00:00,Sunday,2,900,65.0
02/08/15,15:30:00,Sunday,2,930,65.0
02/08/15,16:00:00,Sunday,2,960,45.0
02/08/15,16:30:00,Sunday,2,990,65.0
02/08/15,17:00:00,Sunday,2,1020,65.0
02/08/15,17:30:00,Sunday,2,1050,50.0
02/08/15,18:00:00,Sunday,2,1080,65.0
02/08/15,19:00:00,Sunday,2,1140,65.0
02/08/15,19:30:00,Sunday,2,1170,45.0
02/08/15,20:00:00,Sunday,2,1200,65.0
02/08/15,20:30:00,Sunday,2,1230,65.0
02/08/15,21:00:00,Sunday,2,1260,65.0
02/08/15,21:30:00,Sunday,2,1290,50.0
02/08/15,22:00:00,Sunday,2,1320,45.0
02/08/15,22:30:00,Sunday,2,1350,25.0
02/08/15,23:00:00,Sunday,2,1380,50.0
02/08/15,23:30:00,Sunday,2,1410,30.0
02/09/15,00:00:00,Monday,2,0,40.0
02/09/15,09:30:00,Monday,2,570,10.0
02/09/15,10:00:00,Monday,2,600,30.0
02/09/15,10:30:00,Monday,2,630,30.0
02/09/15,11:00:00,Monday,2,660,40.0
02/09/15,11:30:00,Monday,2,690,30.0
02/09/15,12:00:00,Monday,2,720,55.0
02/09/15,12:30:00,Monday,2,750,55.0
02/09/15,13:00:00,Monday,2,780,55.0
02/09/15,13:30:00,Monday,2,810,30.0
02/09/15,14:00:00,Monday,2,840,45.0
02/09/15,14:30:00,Monday,2,870,45.0
02/09/15,15:00:00,Monday,2,900,45.0
02/09/15,15:30:00,Monday,2,930,45.0
02/09/15,16:00:00,Monday,2,960,35.0
02/09/15,16:30:00,Monday,2,990,35.0
02/09/15,17:00:00,Monday,2,1020,55.0
02/09/15,17:30:00,Monday,2,1050,45.0
02/09/15,18:00:00,Monday,2,1080,45.0
02/09/15,18:30:00,Monday,2,1110,45.0
02/09/15,19:00:00,Monday,2,1140,45.0
02/09/15,19:30:00,Monday,2,1170,45.0
02/09/15,20:00:00,Monday,2,1200,45.0
02/09/15,20:30:00,Monday,2,1230,45.0
02/09/15,21:00:00,Monday,2,1260,60.0
02/10/15,09:30:00,Tuesday,2,570,25.0
02/10/15,10:00:00,Tuesday,2,600,20.0
02/10/15,10:30:00,Tuesday,2,630,20.0
02/10/15,11:00:00,Tuesday,2,660,20.0
02/10/15,11:30:00,Tuesday,2,690,20.0
02/10/15,12:00:00,Tuesday,2,720,20.0
02/10/15,12:30:00,Tuesday,2,750,35.0
02/10/15,13:00:00,Tuesday,2,780,35.0
02/10/15,13:30:00,Tuesday,2,810,15.0
02/10/15,14:00:00,Tuesday,2,840,20.0
02/10/15,14:30:00,Tuesday,2,870,20.0
02/10/15,15:00:00,Tuesday,2,900,20.0
02/10/15,15:30:00,Tuesday,2,930,20.0
02/10/15,16:00:00,Tuesday,2,960,10.0
02/10/15,16:30:00,Tuesday,2,990,20.0
02/10/15,17:00:00,Tuesday,2,1020,30.0
02/10/15,17:30:00,Tuesday,2,1050,20.0
02/10/15,18:00:00,Tuesday,2,1080,20.0
02/10/15,18:30:00,Tuesday,2,1110,45.0
02/10/15,19:00:00,Tuesday,2,1140,15.0
02/10/15,19:30:00,Tuesday,2,1170,15.0
02/10/15,20:00:00,Tuesday,2,1200,15.0
02/11/15,10:30:00,Wednesday,2,630,10.0
02/11/15,11:00:00,Wednesday,2,660,20.0
02/11/15,11:30:00,Wednesday,2,690,25.0
02/11/15,12:00:00,Wednesday,2,720,25.0
02/11/15,12:30:00,Wednesday,2,750,15.0
02/11/15,13:00:00,Wednesday,2,780,15.0
02/11/15,13:30:00,Wednesday,2,810,20.0
02/11/15,14:30:00,Wednesday,2,870,25.0
02/11/15,15:00:00,Wednesday,2,900,25.0
02/11/15,15:30:00,Wednesday,2,930,40.0
02/11/15,16:00:00,Wednesday,2,960,30.0
02/11/15,16:30:00,Wednesday,2,990,30.0
02/11/15,17:00:00,Wednesday,2,1020,45.0
02/11/15,17:30:00,Wednesday,2,1050,30.0
02/11/15,18:00:00,Wednesday,2,1080,30.0
02/11/15,18:30:00,Wednesday,2,1110,45.0
02/11/15,19:00:00,Wednesday,2,1140,45.0
02/11/15,19:30:00,Wednesday,2,1170,20.0
02/11/15,20:00:00,Wednesday,2,1200,20.0
02/12/15,10:00:00,Thursday,2,600,10.0
02/12/15,10:30:00,Thursday,2,630,20.0
02/12/15,11:00:00,Thursday,2,660,30.0
02/12/15,11:30:00,Thursday,2,690,30.0
02/12/15,12:00:00,Thursday,2,720,50.0
02/12/15,12:30:00,Thursday,2,750,50.0
02/12/15,13:00:00,Thursday,2,780,50.0
02/12/15,13:30:00,Thursday,2,810,50.0
02/12/15,14:30:00,Thursday,2,870,30.0
02/12/15,15:00:00,Thursday,2,900,40.0
02/12/15,15:30:00,Thursday,2,930,40.0
02/12/15,16:00:00,Thursday,2,960,40.0
02/12/15,16:30:00,Thursday,2,990,20.0
02/12/15,17:00:00,Thursday,2,1020,40.0
02/12/15,17:30:00,Thursday,2,1050,40.0
02/12/15,18:00:00,Thursday,2,1080,40.0
02/12/15,18:30:00,Thursday,2,1110,40.0
02/12/15,19:00:00,Thursday,2,1140,50.0
02/12/15,19:30:00,Thursday,2,1170,35.0
02/12/15,20:00:00,Thursday,2,1200,35.0
02/12/15,20:30:00,Thursday,2,1230,55.0
02/12/15,21:00:00,Thursday,2,1260,55.0
02/13/15,08:30:00,Friday,2,510,10.0
02/13/15,09:00:00,Friday,2,540,10.0
02/13/15,09:30:00,Friday,2,570,15.0
02/13/15,10:00:00,Friday,2,600,45.0
02/13/15,10:30:00,Friday,2,630,25.0
02/13/15,11:00:00,Friday,2,660,45.0
02/13/15,11:30:00,Friday,2,690,55.0
02/13/15,12:00:00,Friday,2,720,55.0
02/13/15,12:30:00,Friday,2,750,55.0
02/13/15,13:00:00,Friday,2,780,20.0
02/13/15,13:30:00,Friday,2,810,45.0
02/13/15,14:00:00,Friday,2,840,50.0
02/13/15,14:30:00,Friday,2,870,50.0
02/13/15,15:00:00,Friday,2,900,50.0
02/13/15,15:30:00,Friday,2,930,50.0
02/13/15,16:00:00,Friday,2,960,50.0
02/13/15,16:30:00,Friday,2,990,50.0
02/13/15,17:00:00,Friday,2,1020,50.0
02/13/15,17:30:00,Friday,2,1050,50.0
02/13/15,18:00:00,Friday,2,1080,50.0
02/13/15,18:30:00,Friday,2,1110,50.0
02/13/15,19:00:00,Friday,2,1140,50.0
02/13/15,19:30:00,Friday,2,1170,50.0
02/13/15,20:30:00,Friday,2,1230,50.0
02/13/15,21:00:00,Friday,2,1260,50.0
02/13/15,21:30:00,Friday,2,1290,50.0
02/13/15,22:30:00,Friday,2,1350,65.0
02/14/15,00:00:00,Saturday,2,0,10.0
02/14/15,07:30:00,Saturday,2,450,10.0
02/14/15,08:00:00,Saturday,2,480,40.0
02/14/15,08:30:00,Saturday,2,510,30.0
02/14/15,09:00:00,Saturday,2,540,30.0
02/14/15,09:30:00,Saturday,2,570,30.0
02/14/15,10:00:00,Saturday,2,600,50.0
02/14/15,10:30:00,Saturday,2,630,50.0
02/14/15,11:00:00,Saturday,2,660,65.0
02/14/15,11:30:00,Saturday,2,690,80.0
02/14/15,12:00:00,Saturday,2,720,80.0
02/14/15,12:30:00,Saturday,2,750,80.0
02/14/15,13:00:00,Saturday,2,780,120.0
02/14/15,13:30:00,Saturday,2,810,85.0
02/14/15,14:00:00,Saturday,2,840,70.0
02/14/15,14:30:00,Saturday,2,870,70.0
02/14/15,15:00:00,Saturday,2,900,70.0
02/14/15,15:30:00,Saturday,2,930,80.0
02/14/15,16:00:00,Saturday,2,960,80.0
02/14/15,16:30:00,Saturday,2,990,80.0
02/14/15,17:00:00,Saturday,2,1020,80.0
02/14/15,17:30:00,Saturday,2,1050,80.0
02/14/15,18:00:00,Saturday,2,1080,85.0
02/14/15,18:30:00,Saturday,2,1110,85.0
02/14/15,19:00:00,Saturday,2,1140,85.0
02/14/15,19:30:00,Saturday,2,1170,85.0
02/14/15,20:00:00,Saturday,2,1200,85.0
02/14/15,20:30:00,Saturday,2,1230,75.0
02/14/15,21:00:00,Saturday,2,1260,75.0
02/14/15,21:30:00,Saturday,2,1290,75.0
02/14/15,22:00:00,Saturday,2,1320,85.0
02/14/15,22:30:00,Saturday,2,1350,75.0
02/14/15,23:00:00,Saturday,2,1380,55.0
02/14/15,23:30:00,Saturday,2,1410,50.0
02/15/15,00:00:00,Sunday,2,0,50.0
02/15/15,08:30:00,Sunday,2,510,10.0
02/15/15,09:00:00,Sunday,2,540,35.0
02/15/15,09:30:00,Sunday,2,570,30.0
02/15/15,10:00:00,Sunday,2,600,55.0
02/15/15,10:30:00,Sunday,2,630,55.0
02/15/15,11:00:00,Sunday,2,660,60.0
02/15/15,11:30:00,Sunday,2,690,60.0
02/15/15,12:00:00,Sunday,2,720,60.0
02/15/15,12:30:00,Sunday,2,750,60.0
02/15/15,13:00:00,Sunday,2,780,55.0
02/15/15,13:30:00,Sunday,2,810,55.0
02/15/15,14:00:00,Sunday,2,840,70.0
02/15/15,15:00:00,Sunday,2,900,70.0
02/15/15,15:30:00,Sunday,2,930,70.0
02/15/15,16:00:00,Sunday,2,960,60.0
02/15/15,16:30:00,Sunday,2,990,60.0
02/15/15,17:30:00,Sunday,2,1050,30.0
02/15/15,18:00:00,Sunday,2,1080,85.0
02/15/15,18:30:00,Sunday,2,1110,85.0
02/15/15,19:00:00,Sunday,2,1140,85.0
02/15/15,21:30:00,Sunday,2,1290,75.0
02/15/15,22:00:00,Sunday,2,1320,85.0
02/15/15,22:30:00,Sunday,2,1350,85.0
02/15/15,23:00:00,Sunday,2,1380,85.0
02/15/15,23:30:00,Sunday,2,1410,60.0
02/16/15,00:00:00,Monday,2,0,45.0
02/16/15,08:30:00,Monday,2,510,10.0
02/16/15,09:00:00,Monday,2,540,20.0
02/16/15,09:30:00,Monday,2,570,35.0
02/16/15,10:00:00,Monday,2,600,45.0
02/16/15,10:30:00,Monday,2,630,45.0
02/16/15,11:00:00,Monday,2,660,55.0
02/16/15,12:30:00,Monday,2,750,55.0
02/16/15,13:00:00,Monday,2,780,55.0
02/16/15,13:30:00,Monday,2,810,65.0
02/16/15,14:00:00,Monday,2,840,80.0
02/16/15,14:30:00,Monday,2,870,80.0
02/16/15,15:00:00,Monday,2,900,80.0
02/16/15,15:30:00,Monday,2,930,50.0
02/16/15,16:00:00,Monday,2,960,50.0
02/16/15,16:30:00,Monday,2,990,50.0
02/16/15,17:00:00,Monday,2,1020,50.0
02/16/15,17:30:00,Monday,2,1050,60.0
02/16/15,18:00:00,Monday,2,1080,60.0
02/16/15,18:30:00,Monday,2,1110,45.0
02/16/15,19:00:00,Monday,2,1140,50.0
02/16/15,19:30:00,Monday,2,1170,50.0
02/16/15,20:00:00,Monday,2,1200,50.0
02/16/15,20:30:00,Monday,2,1230,50.0
02/16/15,21:00:00,Monday,2,1260,45.0
02/16/15,21:30:00,Monday,2,1290,30.0
02/16/15,22:00:00,Monday,2,1320,45.0
02/16/15,22:30:00,Monday,2,1350,30.0
02/16/15,23:00:00,Monday,2,1380,30.0
02/16/15,23:30:00,Monday,2,1410,30.0
02/17/15,00:00:00,Tuesday,2,0,30.0
02/17/15,08:30:00,Tuesday,2,510,15.0
02/17/15,09:00:00,Tuesday,2,540,45.0
02/17/15,09:30:00,Tuesday,2,570,40.0
02/17/15,10:00:00,Tuesday,2,600,20.0
02/17/15,10:30:00,Tuesday,2,630,40.0
02/17/15,11:00:00,Tuesday,2,660,40.0
02/17/15,11:30:00,Tuesday,2,690,65.0
02/17/15,12:00:00,Tuesday,2,720,45.0
02/17/15,12:30:00,Tuesday,2,750,55.0
02/17/15,13:00:00,Tuesday,2,780,55.0
02/17/15,13:30:00,Tuesday,2,810,55.0
02/17/15,14:00:00,Tuesday,2,840,45.0
02/17/15,14:30:00,Tuesday,2,870,45.0
02/17/15,15:00:00,Tuesday,2,900,45.0
02/17/15,15:30:00,Tuesday,2,930,60.0
02/17/15,16:00:00,Tuesday,2,960,45.0
02/17/15,16:30:00,Tuesday,2,990,45.0
02/17/15,17:00:00,Tuesday,2,1020,45.0
02/17/15,17:30:00,Tuesday,2,1050,45.0
02/17/15,18:00:00,Tuesday,2,1080,55.0
02/17/15,18:30:00,Tuesday,2,1110,40.0
02/17/15,19:00:00,Tuesday,2,1140,40.0
02/17/15,19:30:00,Tuesday,2,1170,40.0
02/17/15,20:30:00,Tuesday,2,1230,50.0
02/17/15,21:00:00,Tuesday,2,1260,50.0
02/17/15,21:30:00,Tuesday,2,1290,50.0
02/17/15,22:00:00,Tuesday,2,1320,35.0
02/17/15,22:30:00,Tuesday,2,1350,35.0
02/17/15,23:00:00,Tuesday,2,1380,35.0
02/18/15,09:30:00,Wednesday,2,570,20.0
02/18/15,10:00:00,Wednesday,2,600,20.0
02/18/15,10:30:00,Wednesday,2,630,40.0
02/18/15,11:00:00,Wednesday,2,660,20.0
02/18/15,11:30:00,Wednesday,2,690,45.0
02/18/15,12:00:00,Wednesday,2,720,30.0
02/18/15,12:30:00,Wednesday,2,750,30.0
02/18/15,13:00:00,Wednesday,2,780,30.0
02/18/15,13:30:00,Wednesday,2,810,45.0
02/18/15,14:00:00,Wednesday,2,840,25.0
02/18/15,14:30:00,Wednesday,2,870,30.0
02/18/15,15:00:00,Wednesday,2,900,30.0
02/18/15,15:30:00,Wednesday,2,930,45.0
02/18/15,16:00:00,Wednesday,2,960,35.0
02/18/15,16:30:00,Wednesday,2,990,35.0
02/18/15,17:00:00,Wednesday,2,1020,35.0
02/18/15,17:30:00,Wednesday,2,1050,35.0
02/18/15,18:00:00,Wednesday,2,1080,35.0
02/18/15,18:30:00,Wednesday,2,1110,35.0
02/18/15,19:00:00,Wednesday,2,1140,35.0
02/18/15,19:30:00,Wednesday,2,1170,35.0
02/18/15,20:30:00,Wednesday,2,1230,30.0
02/18/15,21:00:00,Wednesday,2,1260,45.0
02/18/15,21:30:00,Wednesday,2,1290,50.0
02/18/15,22:00:00,Wednesday,2,1320,35.0
02/18/15,22:30:00,Wednesday,2,1350,35.0
02/18/15,23:00:00,Wednesday,2,1380,10.0
02/19/15,08:30:00,Thursday,2,510,20.0
02/19/15,09:00:00,Thursday,2,540,35.0
02/19/15,09:30:00,Thursday,2,570,35.0
02/19/15,10:00:00,Thursday,2,600,15.0
02/19/15,11:00:00,Thursday,2,660,35.0
02/19/15,11:30:00,Thursday,2,690,45.0
02/19/15,12:00:00,Thursday,2,720,45.0
02/19/15,12:30:00,Thursday,2,750,45.0
02/19/15,13:00:00,Thursday,2,780,30.0
02/19/15,13:30:00,Thursday,2,810,30.0
02/19/15,14:30:00,Thursday,2,870,30.0
02/19/15,15:00:00,Thursday,2,900,30.0
02/19/15,15:30:00,Thursday,2,930,50.0
02/19/15,16:30:00,Thursday,2,990,30.0
02/19/15,17:00:00,Thursday,2,1020,50.0
02/19/15,17:30:00,Thursday,2,1050,35.0
02/19/15,18:00:00,Thursday,2,1080,35.0
02/19/15,18:30:00,Thursday,2,1110,35.0
02/19/15,19:00:00,Thursday,2,1140,35.0
02/19/15,19:30:00,Thursday,2,1170,50.0
02/19/15,20:00:00,Thursday,2,1200,25.0
02/19/15,20:30:00,Thursday,2,1230,40.0
02/19/15,21:00:00,Thursday,2,1260,40.0
02/19/15,21:30:00,Thursday,2,1290,55.0
02/19/15,22:00:00,Thursday,2,1320,55.0
02/19/15,22:30:00,Thursday,2,1350,35.0
02/19/15,23:00:00,Thursday,2,1380,10.0
02/20/15,08:30:00,Friday,2,510,10.0
02/20/15,09:00:00,Friday,2,540,10.0
02/20/15,09:30:00,Friday,2,570,20.0
02/20/15,10:00:00,Friday,2,600,20.0
02/20/15,10:30:00,Friday,2,630,30.0
02/20/15,11:00:00,Friday,2,660,40.0
02/20/15,11:30:00,Friday,2,690,40.0
02/20/15,12:00:00,Friday,2,720,40.0
02/20/15,12:30:00,Friday,2,750,45.0
02/20/15,13:00:00,Friday,2,780,45.0
02/20/15,13:30:00,Friday,2,810,35.0
02/20/15,14:00:00,Friday,2,840,45.0
02/20/15,14:30:00,Friday,2,870,50.0
02/20/15,15:00:00,Friday,2,900,50.0
02/20/15,15:30:00,Friday,2,930,40.0
02/20/15,16:00:00,Friday,2,960,40.0
02/20/15,16:30:00,Friday,2,990,50.0
02/20/15,17:30:00,Friday,2,1050,35.0
02/20/15,18:00:00,Friday,2,1080,50.0
02/20/15,18:30:00,Friday,2,1110,60.0
02/20/15,19:00:00,Friday,2,1140,30.0
02/20/15,20:00:00,Friday,2,1200,55.0
02/20/15,20:30:00,Friday,2,1230,40.0
02/20/15,21:00:00,Friday,2,1260,60.0
02/20/15,21:30:00,Friday,2,1290,60.0
02/20/15,22:00:00,Friday,2,1320,50.0
02/20/15,22:30:00,Friday,2,1350,50.0
02/20/15,23:00:00,Friday,2,1380,50.0
02/20/15,23:30:00,Friday,2,1410,50.0
02/21/15,00:00:00,Saturday,2,0,50.0
02/21/15,07:30:00,Saturday,2,450,10.0
02/21/15,08:00:00,Saturday,2,480,10.0
02/21/15,08:30:00,Saturday,2,510,10.0
02/21/15,09:00:00,Saturday,2,540,15.0
02/21/15,09:30:00,Saturday,2,570,15.0
02/21/15,10:00:00,Saturday,2,600,35.0
02/21/15,10:30:00,Saturday,2,630,45.0
02/21/15,11:00:00,Saturday,2,660,30.0
02/21/15,11:30:00,Saturday,2,690,50.0
02/21/15,12:00:00,Saturday,2,720,50.0
02/21/15,12:30:00,Saturday,2,750,40.0
02/21/15,13:00:00,Saturday,2,780,40.0
02/21/15,13:30:00,Saturday,2,810,40.0
02/21/15,14:00:00,Saturday,2,840,40.0
02/21/15,14:30:00,Saturday,2,870,50.0
02/21/15,15:00:00,Saturday,2,900,60.0
02/21/15,15:30:00,Saturday,2,930,50.0
02/21/15,16:00:00,Saturday,2,960,50.0
02/21/15,16:30:00,Saturday,2,990,30.0
02/21/15,17:00:00,Saturday,2,1020,40.0
02/21/15,17:30:00,Saturday,2,1050,50.0
02/21/15,18:30:00,Saturday,2,1110,50.0
02/21/15,19:00:00,Saturday,2,1140,50.0
02/21/15,19:30:00,Saturday,2,1170,50.0
02/21/15,20:00:00,Saturday,2,1200,45.0
02/21/15,20:30:00,Saturday,2,1230,55.0
02/21/15,21:00:00,Saturday,2,1260,55.0
02/21/15,21:30:00,Saturday,2,1290,55.0
02/21/15,22:00:00,Saturday,2,1320,75.0
02/21/15,22:30:00,Saturday,2,1350,30.0
02/21/15,23:00:00,Saturday,2,1380,40.0
02/21/15,23:30:00,Saturday,2,1410,40.0
02/22/15,00:00:00,Sunday,2,0,40.0
02/22/15,08:30:00,Sunday,2,510,10.0
02/22/15,09:00:00,Sunday,2,540,10.0
02/22/15,09:30:00,Sunday,2,570,15.0
02/22/15,10:00:00,Sunday,2,600,30.0
02/22/15,10:30:00,Sunday,2,630,30.0
02/22/15,11:00:00,Sunday,2,660,40.0
02/22/15,11:30:00,Sunday,2,690,35.0
02/22/15,12:00:00,Sunday,2,720,50.0
02/22/15,12:30:00,Sunday,2,750,40.0
02/22/15,13:00:00,Sunday,2,780,40.0
02/22/15,13:30:00,Sunday,2,810,30.0
02/22/15,14:00:00,Sunday,2,840,35.0
02/22/15,15:30:00,Sunday,2,930,35.0
02/22/15,16:00:00,Sunday,2,960,45.0
02/22/15,16:30:00,Sunday,2,990,60.0
02/22/15,17:00:00,Sunday,2,1020,30.0
02/22/15,17:30:00,Sunday,2,1050,30.0
02/22/15,18:00:00,Sunday,2,1080,45.0
02/22/15,18:30:00,Sunday,2,1110,45.0
02/22/15,19:00:00,Sunday,2,1140,25.0
02/22/15,19:30:00,Sunday,2,1170,25.0
02/22/15,20:00:00,Sunday,2,1200,25.0
02/22/15,20:30:00,Sunday,2,1230,25.0
02/22/15,21:00:00,Sunday,2,1260,30.0
02/22/15,21:30:00,Sunday,2,1290,20.0
02/22/15,22:00:00,Sunday,2,1320,15.0
02/22/15,22:30:00,Sunday,2,1350,15.0
02/22/15,23:00:00,Sunday,2,1380,15.0
02/22/15,23:30:00,Sunday,2,1410,15.0
02/23/15,00:00:00,Monday,2,0,15.0
02/23/15,10:30:00,Monday,2,630,20.0
02/23/15,11:30:00,Monday,2,690,20.0
02/23/15,12:00:00,Monday,2,720,40.0
02/23/15,12:30:00,Monday,2,750,45.0
02/23/15,13:00:00,Monday,2,780,25.0
02/23/15,13:30:00,Monday,2,810,35.0
02/23/15,14:00:00,Monday,2,840,45.0
02/23/15,15:00:00,Monday,2,900,25.0
02/23/15,15:30:00,Monday,2,930,45.0
02/23/15,16:00:00,Monday,2,960,45.0
02/23/15,16:30:00,Monday,2,990,20.0
02/23/15,17:00:00,Monday,2,1020,50.0
02/23/15,17:30:00,Monday,2,1050,40.0
02/23/15,18:00:00,Monday,2,1080,50.0
02/23/15,18:30:00,Monday,2,1110,30.0
02/23/15,19:00:00,Monday,2,1140,45.0
02/23/15,19:30:00,Monday,2,1170,45.0
02/23/15,20:00:00,Monday,2,1200,45.0
02/23/15,20:30:00,Monday,2,1230,25.0
02/23/15,21:00:00,Monday,2,1260,25.0
02/23/15,21:30:00,Monday,2,1290,35.0
02/23/15,22:00:00,Monday,2,1320,15.0
02/23/15,22:30:00,Monday,2,1350,25.0
02/23/15,23:00:00,Monday,2,1380,25.0
02/23/15,23:30:00,Monday,2,1410,15.0
02/24/15,00:00:00,Tuesday,2,0,15.0
02/24/15,09:30:00,Tuesday,2,570,10.0
02/24/15,10:00:00,Tuesday,2,600,35.0
02/24/15,10:30:00,Tuesday,2,630,35.0
02/24/15,11:30:00,Tuesday,2,690,35.0
02/24/15,12:00:00,Tuesday,2,720,35.0
02/24/15,12:30:00,Tuesday,2,750,45.0
02/24/15,13:00:00,Tuesday,2,780,45.0
02/24/15,13:30:00,Tuesday,2,810,20.0
02/24/15,14:00:00,Tuesday,2,840,45.0
02/24/15,14:30:00,Tuesday,2,870,25.0
02/24/15,15:00:00,Tuesday,2,900,35.0
02/24/15,15:30:00,Tuesday,2,930,50.0
02/24/15,16:00:00,Tuesday,2,960,35.0
02/24/15,16:30:00,Tuesday,2,990,35.0
02/24/15,17:00:00,Tuesday,2,1020,35.0
02/24/15,17:30:00,Tuesday,2,1050,35.0
02/24/15,18:00:00,Tuesday,2,1080,45.0
02/24/15,18:30:00,Tuesday,2,1110,45.0
02/24/15,19:00:00,Tuesday,2,1140,45.0
02/24/15,19:30:00,Tuesday,2,1170,45.0
02/24/15,20:30:00,Tuesday,2,1230,30.0
02/24/15,21:00:00,Tuesday,2,1260,15.0
02/24/15,21:30:00,Tuesday,2,1290,15.0
02/24/15,22:00:00,Tuesday,2,1320,15.0
02/24/15,22:30:00,Tuesday,2,1350,20.0
02/24/15,23:00:00,Tuesday,2,1380,20.0
02/24/15,23:30:00,Tuesday,2,1410,20.0
02/25/15,00:00:00,Wednesday,2,0,20.0
02/25/15,10:30:00,Wednesday,2,630,10.0
02/25/15,11:00:00,Wednesday,2,660,40.0
02/25/15,12:30:00,Wednesday,2,750,20.0
02/25/15,13:00:00,Wednesday,2,780,20.0
02/25/15,13:30:00,Wednesday,2,810,35.0
02/25/15,14:00:00,Wednesday,2,840,35.0
02/25/15,14:30:00,Wednesday,2,870,45.0
02/25/15,15:00:00,Wednesday,2,900,45.0
02/25/15,15:30:00,Wednesday,2,930,45.0
02/25/15,16:00:00,Wednesday,2,960,45.0
02/25/15,16:30:00,Wednesday,2,990,45.0
02/25/15,17:00:00,Wednesday,2,1020,45.0
02/25/15,17:30:00,Wednesday,2,1050,45.0
02/25/15,18:00:00,Wednesday,2,1080,45.0
02/25/15,18:30:00,Wednesday,2,1110,45.0
02/25/15,19:00:00,Wednesday,2,1140,55.0
02/25/15,19:30:00,Wednesday,2,1170,55.0
02/25/15,20:00:00,Wednesday,2,1200,20.0
02/26/15,09:30:00,Thursday,2,570,20.0
02/26/15,10:00:00,Thursday,2,600,40.0
02/26/15,10:30:00,Thursday,2,630,40.0
02/26/15,11:00:00,Thursday,2,660,25.0
02/26/15,11:30:00,Thursday,2,690,45.0
02/26/15,12:00:00,Thursday,2,720,45.0
02/26/15,12:30:00,Thursday,2,750,45.0
02/26/15,13:00:00,Thursday,2,780,45.0
02/26/15,13:30:00,Thursday,2,810,45.0
02/26/15,14:00:00,Thursday,2,840,45.0
02/26/15,14:30:00,Thursday,2,870,45.0
02/26/15,15:00:00,Thursday,2,900,30.0
02/26/15,15:30:00,Thursday,2,930,45.0
02/26/15,16:00:00,Thursday,2,960,45.0
02/26/15,16:30:00,Thursday,2,990,45.0
02/26/15,17:00:00,Thursday,2,1020,45.0
02/26/15,17:30:00,Thursday,2,1050,55.0
02/26/15,18:00:00,Thursday,2,1080,55.0
02/26/15,18:30:00,Thursday,2,1110,45.0
02/26/15,19:00:00,Thursday,2,1140,45.0
02/26/15,19:30:00,Thursday,2,1170,45.0
02/26/15,20:00:00,Thursday,2,1200,30.0
02/27/15,09:30:00,Friday,2,570,25.0
02/27/15,10:00:00,Friday,2,600,25.0
02/27/15,10:30:00,Friday,2,630,45.0
02/27/15,11:00:00,Friday,2,660,45.0
02/27/15,11:30:00,Friday,2,690,60.0
02/27/15,12:00:00,Friday,2,720,45.0
02/27/15,12:30:00,Friday,2,750,55.0
02/27/15,13:30:00,Friday,2,810,45.0
02/27/15,14:00:00,Friday,2,840,60.0
02/27/15,14:30:00,Friday,2,870,60.0
02/27/15,15:00:00,Friday,2,900,45.0
02/27/15,15:30:00,Friday,2,930,60.0
02/27/15,16:00:00,Friday,2,960,60.0
02/27/15,16:30:00,Friday,2,990,60.0
02/27/15,17:00:00,Friday,2,1020,60.0
02/27/15,17:30:00,Friday,2,1050,60.0
02/27/15,18:00:00,Friday,2,1080,60.0
02/27/15,18:30:00,Friday,2,1110,60.0
02/27/15,19:00:00,Friday,2,1140,60.0
02/27/15,19:30:00,Friday,2,1170,45.0
02/27/15,20:00:00,Friday,2,1200,60.0
02/27/15,20:30:00,Friday,2,1230,60.0
02/27/15,21:00:00,Friday,2,1260,60.0
02/27/15,21:30:00,Friday,2,1290,60.0
02/27/15,22:00:00,Friday,2,1320,60.0
02/27/15,22:30:00,Friday,2,1350,45.0
02/27/15,23:00:00,Friday,2,1380,65.0
02/27/15,23:30:00,Friday,2,1410,65.0
02/28/15,00:00:00,Saturday,2,0,45.0
02/28/15,07:30:00,Saturday,2,450,15.0
02/28/15,09:00:00,Saturday,2,540,15.0
02/28/15,09:30:00,Saturday,2,570,35.0
02/28/15,10:00:00,Saturday,2,600,40.0
02/28/15,10:30:00,Saturday,2,630,40.0
02/28/15,11:00:00,Saturday,2,660,40.0
02/28/15,12:00:00,Saturday,2,720,45.0
02/28/15,12:30:00,Saturday,2,750,50.0
02/28/15,13:00:00,Saturday,2,780,50.0
02/28/15,13:30:00,Saturday,2,810,50.0
02/28/15,14:00:00,Saturday,2,840,50.0
02/28/15,14:30:00,Saturday,2,870,35.0
02/28/15,15:00:00,Saturday,2,900,50.0
02/28/15,15:30:00,Saturday,2,930,50.0
02/28/15,16:00:00,Saturday,2,960,50.0
02/28/15,16:30:00,Saturday,2,990,50.0
02/28/15,17:00:00,Saturday,2,1020,45.0
02/28/15,17:30:00,Saturday,2,1050,45.0
02/28/15,18:00:00,Saturday,2,1080,45.0
02/28/15,18:30:00,Saturday,2,1110,65.0
02/28/15,19:00:00,Saturday,2,1140,45.0
02/28/15,19:30:00,Saturday,2,1170,45.0
02/28/15,20:00:00,Saturday,2,1200,45.0
02/28/15,20:30:00,Saturday,2,1230,55.0
02/28/15,21:00:00,Saturday,2,1260,45.0
02/28/15,21:30:00,Saturday,2,1290,45.0
02/28/15,22:00:00,Saturday,2,1320,45.0
02/28/15,22:30:00,Saturday,2,1350,45.0
02/28/15,23:00:00,Saturday,2,1380,45.0
02/28/15,23:30:00,Saturday,2,1410,35.0
03/01/15,00:00:00,Sunday,3,0,35.0
03/01/15,08:30:00,Sunday,3,510,10.0
03/01/15,09:00:00,Sunday,3,540,10.0
03/01/15,09:30:00,Sunday,3,570,15.0
03/01/15,10:30:00,Sunday,3,630,45.0
03/01/15,11:00:00,Sunday,3,660,25.0
03/01/15,11:30:00,Sunday,3,690,40.0
03/01/15,12:00:00,Sunday,3,720,40.0
03/01/15,12:30:00,Sunday,3,750,50.0
03/01/15,13:00:00,Sunday,3,780,50.0
03/01/15,13:30:00,Sunday,3,810,50.0
03/01/15,14:00:00,Sunday,3,840,45.0
03/01/15,14:30:00,Sunday,3,870,55.0
03/01/15,15:30:00,Sunday,3,930,45.0
03/01/15,16:00:00,Sunday,3,960,60.0
03/01/15,16:30:00,Sunday,3,990,40.0
03/01/15,17:00:00,Sunday,3,1020,50.0
03/02/15,14:30:00,Monday,3,870,30.0
03/02/15,15:00:00,Monday,3,900,30.0
03/02/15,15:30:00,Monday,3,930,30.0
03/02/15,16:00:00,Monday,3,960,25.0
03/02/15,17:00:00,Monday,3,1020,20.0
03/02/15,17:30:00,Monday,3,1050,55.0
03/02/15,18:00:00,Monday,3,1080,30.0
03/02/15,18:30:00,Monday,3,1110,50.0
03/02/15,19:00:00,Monday,3,1140,45.0
03/02/15,19:30:00,Monday,3,1170,45.0
03/02/15,20:00:00,Monday,3,1200,30.0
03/03/15,09:30:00,Tuesday,3,570,40.0
03/03/15,10:00:00,Tuesday,3,600,40.0
03/03/15,10:30:00,Tuesday,3,630,15.0
03/03/15,11:00:00,Tuesday,3,660,15.0
03/03/15,11:30:00,Tuesday,3,690,35.0
03/03/15,12:00:00,Tuesday,3,720,35.0
03/03/15,12:30:00,Tuesday,3,750,20.0
03/03/15,13:00:00,Tuesday,3,780,30.0
03/03/15,13:30:00,Tuesday,3,810,25.0
03/03/15,14:00:00,Tuesday,3,840,25.0
03/03/15,14:30:00,Tuesday,3,870,25.0
03/03/15,15:00:00,Tuesday,3,900,25.0
03/03/15,16:30:00,Tuesday,3,990,25.0
03/03/15,17:00:00,Tuesday,3,1020,25.0
03/03/15,17:30:00,Tuesday,3,1050,25.0
03/03/15,18:00:00,Tuesday,3,1080,45.0
03/03/15,18:30:00,Tuesday,3,1110,30.0
03/03/15,19:00:00,Tuesday,3,1140,30.0
03/03/15,19:30:00,Tuesday,3,1170,35.0
03/03/15,20:00:00,Tuesday,3,1200,45.0
